( pcb2gcode 2.5.0 )
( Software-independent Gcode )

G94 ( Millimeters per minute feed rate. )
G21 ( Units == Millimeters. )

G90 ( Absolute coordinates. )
G00 S12000 ( RPM spindle speed. )
G01 F40.00000 ( Feedrate. )


G00 Z6.00000 (Retract to tool change height)
T0
M5      (Spindle stop.)
G04 P1.00000 (Wait for spindle to stop)
(MSG, Change tool bit to mill diameter 0.25000mm)
M0      (Temporary machine stop.)
M3 ( Spindle on clockwise. )
G04 P1.00000 (Wait for spindle to get up to speed)
G04 P0 ( dwell for no time -- G64 should not smooth over this point )
G00 Z4.00000 ( retract )

G00 X3.09508 Y35.95814 ( rapid move to begin. )
G01 F20.00000
( Mill infeed pass 1/1 )
G01 Z-0.01800
G04 P0 ( dwell for no time -- G64 should not smooth over this point )
G01 F40.00000
G01 X3.09508 Y35.95814
G01 X3.09577 Y35.94508
G01 X3.11761 Y35.73716
G01 X3.11967 Y35.72425
G01 X3.12305 Y35.71160
G01 X3.18764 Y35.51277
G01 X3.19234 Y35.50055
G01 X3.19828 Y35.48890
G01 X3.30281 Y35.30787
G01 X3.30994 Y35.29690
G01 X3.31817 Y35.28671
G01 X3.45805 Y35.13137
G01 X3.46730 Y35.12209
G01 X3.47748 Y35.11387
G01 X3.64659 Y34.99098
G01 X3.65757 Y34.98387
G01 X3.66923 Y34.97792
G01 X3.86021 Y34.89289
G01 X3.87243 Y34.88821
G01 X3.88507 Y34.88481
G01 X4.08957 Y34.84135
G01 X4.10247 Y34.83932
G01 X4.11555 Y34.83863
G01 X4.32460 Y34.83863
G01 X4.33768 Y34.83932
G01 X4.35061 Y34.84135
G01 X4.55505 Y34.88481
G01 X4.56770 Y34.88821
G01 X4.57992 Y34.89289
G01 X4.77090 Y34.97792
G01 X4.78256 Y34.98387
G01 X4.79353 Y34.99098
G01 X4.96267 Y35.11387
G01 X4.97283 Y35.12209
G01 X4.98208 Y35.13137
G01 X5.12195 Y35.28671
G01 X5.13021 Y35.29690
G01 X5.13732 Y35.30787
G01 X5.15193 Y35.33314
G01 X15.83562 Y35.33314
G01 X15.87852 Y35.25885
G01 X15.88563 Y35.24788
G01 X15.89386 Y35.23772
G01 X16.03377 Y35.08237
G01 X16.04301 Y35.07310
G01 X16.05317 Y35.06487
G01 X16.22231 Y34.94198
G01 X16.23328 Y34.93487
G01 X16.24494 Y34.92893
G01 X16.43593 Y34.84389
G01 X16.44814 Y34.83921
G01 X16.46077 Y34.83581
G01 X16.66526 Y34.79235
G01 X16.67819 Y34.79029
G01 X16.69125 Y34.78963
G01 X16.90031 Y34.78963
G01 X16.91337 Y34.79029
G01 X16.92630 Y34.79235
G01 X17.13079 Y34.83581
G01 X17.14342 Y34.83921
G01 X17.15564 Y34.84389
G01 X17.34662 Y34.92893
G01 X17.35828 Y34.93487
G01 X17.36922 Y34.94198
G01 X17.53839 Y35.06487
G01 X17.54855 Y35.07310
G01 X17.55779 Y35.08237
G01 X17.69770 Y35.23772
G01 X17.70593 Y35.24788
G01 X17.71304 Y35.25885
G01 X17.81758 Y35.43990
G01 X17.82353 Y35.45156
G01 X17.82820 Y35.46378
G01 X17.89282 Y35.66261
G01 X17.89620 Y35.67523
G01 X17.89825 Y35.68816
G01 X17.92010 Y35.89608
G01 X17.92078 Y35.90914
G01 X17.92010 Y35.92222
G01 X17.89848 Y36.12796
G01 X18.45055 Y36.68003
G01 X32.52378 Y36.68003
G01 X32.53602 Y36.68064
G01 X32.63356 Y36.69024
G01 X32.64570 Y36.69204
G01 X32.65759 Y36.69502
G01 X32.75139 Y36.72349
G01 X32.77404 Y36.73286
G01 X32.86048 Y36.77906
G01 X32.87100 Y36.78536
G01 X32.88085 Y36.79268
G01 X32.95662 Y36.85486
G01 X32.96571 Y36.86309
G01 X32.97394 Y36.87218
G01 X33.03612 Y36.94795
G01 X33.04974 Y36.96832
G01 X33.09594 Y37.05476
G01 X33.10120 Y37.06586
G01 X33.10531 Y37.07741
G01 X33.13378 Y37.17121
G01 X33.13676 Y37.18310
G01 X33.13856 Y37.19524
G01 X33.14816 Y37.29278
G01 X33.14816 Y37.31729
G01 X33.13856 Y37.41483
G01 X33.13676 Y37.42697
G01 X33.13378 Y37.43885
G01 X33.10531 Y37.53266
G01 X33.10120 Y37.54421
G01 X33.09594 Y37.55531
G01 X33.04974 Y37.64175
G01 X33.03612 Y37.66212
G01 X32.97394 Y37.73789
G01 X32.96571 Y37.74698
G01 X32.95662 Y37.75521
G01 X32.88085 Y37.81739
G01 X32.87100 Y37.82471
G01 X32.86048 Y37.83100
G01 X32.77404 Y37.87721
G01 X32.75139 Y37.88658
G01 X32.65759 Y37.91505
G01 X32.64570 Y37.91803
G01 X32.63356 Y37.91983
G01 X32.53602 Y37.92943
G01 X32.52378 Y37.93004
G01 X18.19168 Y37.93004
G01 X18.18185 Y37.92966
G01 X18.10364 Y37.92349
G01 X18.08426 Y37.92041
G01 X18.00798 Y37.90210
G01 X17.98931 Y37.89605
G01 X17.91682 Y37.86603
G01 X17.89935 Y37.85712
G01 X17.83247 Y37.81612
G01 X17.81659 Y37.80459
G01 X17.75693 Y37.75364
G01 X17.74972 Y37.74698
G01 X17.01073 Y37.00799
G01 X16.92630 Y37.02593
G01 X16.91337 Y37.02798
G01 X16.90031 Y37.02867
G01 X16.69125 Y37.02867
G01 X16.67819 Y37.02798
G01 X16.66526 Y37.02593
G01 X16.46077 Y36.98247
G01 X16.44814 Y36.97909
G01 X16.43593 Y36.97439
G01 X16.24494 Y36.88935
G01 X16.23328 Y36.88343
G01 X16.22231 Y36.87629
G01 X16.05317 Y36.75341
G01 X16.04301 Y36.74518
G01 X16.03377 Y36.73593
G01 X15.89620 Y36.58315
G01 X5.15193 Y36.58315
G01 X5.13732 Y36.60845
G01 X5.13021 Y36.61940
G01 X5.12195 Y36.62958
G01 X4.98208 Y36.78493
G01 X4.97283 Y36.79418
G01 X4.96267 Y36.80241
G01 X4.79353 Y36.92529
G01 X4.78256 Y36.93243
G01 X4.77090 Y36.93837
G01 X4.57992 Y37.02339
G01 X4.56770 Y37.02809
G01 X4.55505 Y37.03146
G01 X4.35061 Y37.07492
G01 X4.33768 Y37.07698
G01 X4.32460 Y37.07767
G01 X4.11555 Y37.07767
G01 X4.10247 Y37.07698
G01 X4.08957 Y37.07492
G01 X3.88507 Y37.03146
G01 X3.87243 Y37.02809
G01 X3.86021 Y37.02339
G01 X3.66923 Y36.93837
G01 X3.65757 Y36.93243
G01 X3.64659 Y36.92529
G01 X3.47748 Y36.80241
G01 X3.46730 Y36.79418
G01 X3.45805 Y36.78493
G01 X3.31817 Y36.62958
G01 X3.30994 Y36.61940
G01 X3.30281 Y36.60845
G01 X3.19828 Y36.42738
G01 X3.19234 Y36.41572
G01 X3.18764 Y36.40350
G01 X3.12305 Y36.20469
G01 X3.11967 Y36.19204
G01 X3.11761 Y36.17912
G01 X3.09577 Y35.97122
G01 X3.09508 Y35.95814
G04 P0 ( dwell for no time -- G64 should not smooth over this point )
G00 Z4.00000 ( retract )

G00 X3.09508 Y21.95814 ( rapid move to begin. )
G01 F20.00000
( Mill infeed pass 1/1 )
G01 Z-0.01800
G04 P0 ( dwell for no time -- G64 should not smooth over this point )
G01 F40.00000
G01 X3.09508 Y21.95814
G01 X3.09577 Y21.94508
G01 X3.11761 Y21.73716
G01 X3.11967 Y21.72426
G01 X3.12305 Y21.71161
G01 X3.18764 Y21.51277
G01 X3.19234 Y21.50056
G01 X3.19828 Y21.48890
G01 X3.30281 Y21.30785
G01 X3.30994 Y21.29687
G01 X3.31817 Y21.28671
G01 X3.45805 Y21.13137
G01 X3.46730 Y21.12210
G01 X3.47748 Y21.11387
G01 X3.64659 Y20.99098
G01 X3.65759 Y20.98387
G01 X3.66923 Y20.97793
G01 X3.86021 Y20.89289
G01 X3.87243 Y20.88821
G01 X3.88507 Y20.88481
G01 X4.08957 Y20.84135
G01 X4.10247 Y20.83932
G01 X4.11555 Y20.83863
G01 X4.32460 Y20.83863
G01 X4.33768 Y20.83932
G01 X4.35061 Y20.84135
G01 X4.55505 Y20.88481
G01 X4.56770 Y20.88821
G01 X4.57992 Y20.89289
G01 X4.77090 Y20.97793
G01 X4.78256 Y20.98387
G01 X4.79353 Y20.99098
G01 X4.96267 Y21.11387
G01 X4.97283 Y21.12210
G01 X4.98208 Y21.13137
G01 X5.12195 Y21.28671
G01 X5.13021 Y21.29687
G01 X5.13732 Y21.30785
G01 X5.15193 Y21.33315
G01 X15.83562 Y21.33317
G01 X15.87852 Y21.25885
G01 X15.88563 Y21.24788
G01 X15.89386 Y21.23772
G01 X16.03377 Y21.08235
G01 X16.04301 Y21.07310
G01 X16.05317 Y21.06487
G01 X16.22231 Y20.94199
G01 X16.23328 Y20.93487
G01 X16.24494 Y20.92893
G01 X16.43593 Y20.84389
G01 X16.44814 Y20.83922
G01 X16.46077 Y20.83581
G01 X16.66526 Y20.79235
G01 X16.67819 Y20.79030
G01 X16.69125 Y20.78961
G01 X16.90031 Y20.78961
G01 X16.91337 Y20.79030
G01 X16.92630 Y20.79235
G01 X17.12592 Y20.83477
G01 X17.14865 Y20.81534
G01 X17.16453 Y20.80381
G01 X17.23143 Y20.76281
G01 X17.24888 Y20.75392
G01 X17.32140 Y20.72388
G01 X17.34004 Y20.71783
G01 X17.41634 Y20.69952
G01 X17.43570 Y20.69644
G01 X17.51393 Y20.69027
G01 X17.52376 Y20.68989
G01 X41.76468 Y20.68989
G01 X41.77692 Y20.69050
G01 X41.87446 Y20.70010
G01 X41.88660 Y20.70191
G01 X41.89849 Y20.70488
G01 X41.99229 Y20.73335
G01 X42.01495 Y20.74272
G01 X42.10138 Y20.78893
G01 X42.11190 Y20.79522
G01 X42.12175 Y20.80254
G01 X42.19752 Y20.86472
G01 X42.20661 Y20.87295
G01 X43.69676 Y22.36309
G01 X43.70498 Y22.37218
G01 X43.76716 Y22.44795
G01 X43.77448 Y22.45781
G01 X43.78078 Y22.46832
G01 X43.82698 Y22.55476
G01 X43.83224 Y22.56586
G01 X43.83635 Y22.57742
G01 X43.86483 Y22.67122
G01 X43.86780 Y22.68311
G01 X43.86960 Y22.69525
G01 X43.87920 Y22.79278
G01 X43.87920 Y22.81729
G01 X43.86960 Y22.91483
G01 X43.86780 Y22.92697
G01 X43.86483 Y22.93886
G01 X43.83635 Y23.03266
G01 X43.83224 Y23.04422
G01 X43.82698 Y23.05532
G01 X43.78078 Y23.14175
G01 X43.77448 Y23.15227
G01 X43.76716 Y23.16212
G01 X43.70498 Y23.23789
G01 X43.68766 Y23.25521
G01 X43.61189 Y23.31739
G01 X43.59152 Y23.33101
G01 X43.50509 Y23.37721
G01 X43.49399 Y23.38247
G01 X43.48243 Y23.38658
G01 X43.38863 Y23.41506
G01 X43.36460 Y23.41983
G01 X43.26706 Y23.42943
G01 X43.24255 Y23.42943
G01 X43.14502 Y23.41983
G01 X43.12099 Y23.41506
G01 X43.02719 Y23.38658
G01 X43.01563 Y23.38247
G01 X43.00453 Y23.37721
G01 X42.91809 Y23.33101
G01 X42.90758 Y23.32471
G01 X42.89772 Y23.31739
G01 X42.82195 Y23.25521
G01 X42.81286 Y23.24699
G01 X41.50578 Y21.93990
G01 X17.91824 Y21.93990
G01 X17.89825 Y22.13012
G01 X17.89620 Y22.14305
G01 X17.89282 Y22.15567
G01 X17.82820 Y22.35451
G01 X17.82353 Y22.36672
G01 X17.81758 Y22.37838
G01 X17.71304 Y22.55943
G01 X17.70593 Y22.57041
G01 X17.69770 Y22.58057
G01 X17.55779 Y22.73594
G01 X17.54855 Y22.74518
G01 X17.53839 Y22.75341
G01 X17.36922 Y22.87630
G01 X17.35828 Y22.88341
G01 X17.34662 Y22.88935
G01 X17.15564 Y22.97439
G01 X17.14342 Y22.97909
G01 X17.13079 Y22.98247
G01 X16.92630 Y23.02593
G01 X16.91337 Y23.02799
G01 X16.90031 Y23.02867
G01 X16.69125 Y23.02867
G01 X16.67819 Y23.02799
G01 X16.66526 Y23.02593
G01 X16.46077 Y22.98247
G01 X16.44814 Y22.97909
G01 X16.43593 Y22.97439
G01 X16.24494 Y22.88935
G01 X16.23328 Y22.88341
G01 X16.22231 Y22.87630
G01 X16.05317 Y22.75341
G01 X16.04301 Y22.74518
G01 X16.03377 Y22.73594
G01 X15.89620 Y22.58316
G01 X5.15193 Y22.58316
G01 X5.13732 Y22.60843
G01 X5.13021 Y22.61940
G01 X5.12195 Y22.62956
G01 X4.98208 Y22.78493
G01 X4.97283 Y22.79418
G01 X4.96267 Y22.80241
G01 X4.79353 Y22.92529
G01 X4.78256 Y22.93243
G01 X4.77090 Y22.93835
G01 X4.57992 Y23.02339
G01 X4.56770 Y23.02809
G01 X4.55505 Y23.03147
G01 X4.35061 Y23.07493
G01 X4.33768 Y23.07698
G01 X4.32460 Y23.07767
G01 X4.11555 Y23.07767
G01 X4.10247 Y23.07698
G01 X4.08957 Y23.07493
G01 X3.88507 Y23.03147
G01 X3.87243 Y23.02809
G01 X3.86021 Y23.02339
G01 X3.66923 Y22.93835
G01 X3.65757 Y22.93243
G01 X3.64659 Y22.92529
G01 X3.47748 Y22.80241
G01 X3.46730 Y22.79418
G01 X3.45805 Y22.78493
G01 X3.31817 Y22.62956
G01 X3.30994 Y22.61940
G01 X3.30281 Y22.60843
G01 X3.19828 Y22.42738
G01 X3.19234 Y22.41572
G01 X3.18764 Y22.40350
G01 X3.12305 Y22.20467
G01 X3.11967 Y22.19205
G01 X3.11761 Y22.17912
G01 X3.09577 Y21.97122
G01 X3.09508 Y21.95814
G04 P0 ( dwell for no time -- G64 should not smooth over this point )
G00 Z4.00000 ( retract )

G00 X18.59505 Y15.45815 ( rapid move to begin. )
G01 F20.00000
( Mill infeed pass 1/1 )
G01 Z-0.01800
G04 P0 ( dwell for no time -- G64 should not smooth over this point )
G01 F40.00000
G01 X18.59505 Y15.45815
G01 X18.59574 Y15.44507
G01 X18.61758 Y15.23717
G01 X18.61964 Y15.22424
G01 X18.62302 Y15.21159
G01 X18.68764 Y15.01279
G01 X18.69231 Y15.00057
G01 X18.69825 Y14.98891
G01 X18.80277 Y14.80786
G01 X18.80991 Y14.79689
G01 X18.81814 Y14.78673
G01 X18.95802 Y14.63136
G01 X18.96729 Y14.62211
G01 X18.97745 Y14.61388
G01 X19.14659 Y14.49100
G01 X19.15756 Y14.48386
G01 X19.16922 Y14.47791
G01 X19.36020 Y14.39290
G01 X19.37242 Y14.38820
G01 X19.38504 Y14.38482
G01 X19.58954 Y14.34136
G01 X19.60247 Y14.33931
G01 X19.61552 Y14.33862
G01 X19.82459 Y14.33862
G01 X19.83765 Y14.33931
G01 X19.85057 Y14.34136
G01 X20.05507 Y14.38482
G01 X20.06769 Y14.38820
G01 X20.07991 Y14.39290
G01 X20.27089 Y14.47791
G01 X20.28255 Y14.48386
G01 X20.29353 Y14.49100
G01 X20.46266 Y14.61388
G01 X20.47282 Y14.62211
G01 X20.48207 Y14.63136
G01 X20.62197 Y14.78673
G01 X20.63020 Y14.79689
G01 X20.63731 Y14.80786
G01 X20.65192 Y14.83316
G01 X31.33562 Y14.83316
G01 X31.37852 Y14.75886
G01 X31.38563 Y14.74789
G01 X31.39388 Y14.73771
G01 X31.53376 Y14.58236
G01 X31.54301 Y14.57311
G01 X31.55319 Y14.56488
G01 X31.72231 Y14.44200
G01 X31.73328 Y14.43486
G01 X31.74494 Y14.42892
G01 X31.93592 Y14.34390
G01 X31.94814 Y14.33921
G01 X31.96079 Y14.33583
G01 X32.16526 Y14.29234
G01 X32.17819 Y14.29031
G01 X32.19127 Y14.28962
G01 X32.40031 Y14.28962
G01 X32.41339 Y14.29031
G01 X32.42629 Y14.29234
G01 X32.63079 Y14.33583
G01 X32.64344 Y14.33921
G01 X32.65565 Y14.34390
G01 X32.84664 Y14.42892
G01 X32.85830 Y14.43486
G01 X32.86927 Y14.44200
G01 X33.03838 Y14.56488
G01 X33.04857 Y14.57311
G01 X33.05781 Y14.58236
G01 X33.19769 Y14.73771
G01 X33.20592 Y14.74789
G01 X33.21306 Y14.75886
G01 X33.22766 Y14.78416
G01 X39.35892 Y14.78416
G01 X39.37119 Y14.78477
G01 X39.46872 Y14.79437
G01 X39.48086 Y14.79618
G01 X39.49275 Y14.79915
G01 X39.58655 Y14.82762
G01 X39.59811 Y14.83174
G01 X39.60921 Y14.83699
G01 X39.69565 Y14.88320
G01 X39.71602 Y14.89681
G01 X39.79178 Y14.95899
G01 X39.80088 Y14.96722
G01 X41.69676 Y16.86313
G01 X41.70499 Y16.87219
G01 X41.76717 Y16.94796
G01 X41.78078 Y16.96836
G01 X41.82699 Y17.05477
G01 X41.83224 Y17.06587
G01 X41.83636 Y17.07743
G01 X41.86483 Y17.17123
G01 X41.86961 Y17.19528
G01 X41.87921 Y17.29279
G01 X41.87921 Y17.31730
G01 X41.86961 Y17.41487
G01 X41.86483 Y17.43887
G01 X41.83636 Y17.53267
G01 X41.83224 Y17.54423
G01 X41.82699 Y17.55535
G01 X41.78078 Y17.64176
G01 X41.77448 Y17.65228
G01 X41.76717 Y17.66213
G01 X41.70499 Y17.73790
G01 X41.68767 Y17.75523
G01 X41.61190 Y17.81741
G01 X41.60204 Y17.82472
G01 X41.59153 Y17.83102
G01 X41.50509 Y17.87722
G01 X41.48243 Y17.88659
G01 X41.38863 Y17.91507
G01 X41.37674 Y17.91804
G01 X41.36460 Y17.91984
G01 X41.26707 Y17.92944
G01 X41.24256 Y17.92944
G01 X41.14502 Y17.91984
G01 X41.13288 Y17.91804
G01 X41.12099 Y17.91507
G01 X41.02719 Y17.88659
G01 X41.00453 Y17.87722
G01 X40.91810 Y17.83102
G01 X40.90758 Y17.82472
G01 X40.89773 Y17.81741
G01 X40.82196 Y17.75523
G01 X40.81286 Y17.74700
G01 X39.10004 Y16.03417
G01 X33.22764 Y16.03417
G01 X33.21306 Y16.05942
G01 X33.20592 Y16.07039
G01 X33.19769 Y16.08058
G01 X33.05781 Y16.23592
G01 X33.04857 Y16.24517
G01 X33.03838 Y16.25343
G01 X32.86927 Y16.37629
G01 X32.85830 Y16.38342
G01 X32.84664 Y16.38937
G01 X32.65565 Y16.47441
G01 X32.64344 Y16.47908
G01 X32.63079 Y16.48246
G01 X32.42629 Y16.52597
G01 X32.41339 Y16.52797
G01 X32.40031 Y16.52866
G01 X32.19127 Y16.52866
G01 X32.17819 Y16.52797
G01 X32.16526 Y16.52597
G01 X31.96079 Y16.48246
G01 X31.94814 Y16.47908
G01 X31.93592 Y16.47441
G01 X31.74494 Y16.38937
G01 X31.73328 Y16.38342
G01 X31.72231 Y16.37629
G01 X31.55319 Y16.25343
G01 X31.54301 Y16.24517
G01 X31.53376 Y16.23592
G01 X31.39622 Y16.08317
G01 X20.65192 Y16.08317
G01 X20.63731 Y16.10842
G01 X20.63020 Y16.11939
G01 X20.62197 Y16.12958
G01 X20.48207 Y16.28492
G01 X20.47282 Y16.29419
G01 X20.46266 Y16.30242
G01 X20.29353 Y16.42533
G01 X20.28255 Y16.43242
G01 X20.27089 Y16.43836
G01 X20.07991 Y16.52343
G01 X20.06769 Y16.52808
G01 X20.05507 Y16.53148
G01 X19.85057 Y16.57494
G01 X19.83765 Y16.57697
G01 X19.82459 Y16.57766
G01 X19.61552 Y16.57766
G01 X19.60247 Y16.57697
G01 X19.58954 Y16.57494
G01 X19.38504 Y16.53148
G01 X19.37242 Y16.52808
G01 X19.36020 Y16.52343
G01 X19.16922 Y16.43836
G01 X19.15756 Y16.43242
G01 X19.14659 Y16.42533
G01 X18.97745 Y16.30242
G01 X18.96729 Y16.29419
G01 X18.95802 Y16.28492
G01 X18.81814 Y16.12958
G01 X18.80991 Y16.11939
G01 X18.80277 Y16.10842
G01 X18.69825 Y15.92739
G01 X18.69231 Y15.91573
G01 X18.68764 Y15.90352
G01 X18.62302 Y15.70468
G01 X18.61964 Y15.69203
G01 X18.61758 Y15.67913
G01 X18.59574 Y15.47121
G01 X18.59505 Y15.45815
G04 P0 ( dwell for no time -- G64 should not smooth over this point )
G00 Z4.00000 ( retract )

G00 X18.59505 Y29.45815 ( rapid move to begin. )
G01 F20.00000
( Mill infeed pass 1/1 )
G01 Z-0.01800
G04 P0 ( dwell for no time -- G64 should not smooth over this point )
G01 F40.00000
G01 X18.59505 Y29.45815
G01 X18.59574 Y29.44507
G01 X18.61758 Y29.23717
G01 X18.61964 Y29.22424
G01 X18.62302 Y29.21162
G01 X18.68764 Y29.01279
G01 X18.69231 Y29.00057
G01 X18.69825 Y28.98891
G01 X18.80277 Y28.80786
G01 X18.80991 Y28.79689
G01 X18.81814 Y28.78673
G01 X18.95802 Y28.63135
G01 X18.96729 Y28.62211
G01 X18.97745 Y28.61388
G01 X19.14659 Y28.49099
G01 X19.15756 Y28.48386
G01 X19.16922 Y28.47794
G01 X19.36020 Y28.39290
G01 X19.37242 Y28.38820
G01 X19.38504 Y28.38482
G01 X19.58954 Y28.34136
G01 X19.60247 Y28.33930
G01 X19.61552 Y28.33862
G01 X19.82459 Y28.33862
G01 X19.83765 Y28.33930
G01 X19.85057 Y28.34136
G01 X20.05507 Y28.38482
G01 X20.06769 Y28.38820
G01 X20.07991 Y28.39290
G01 X20.27089 Y28.47794
G01 X20.28255 Y28.48386
G01 X20.29353 Y28.49099
G01 X20.46266 Y28.61388
G01 X20.47282 Y28.62211
G01 X20.48207 Y28.63135
G01 X20.62197 Y28.78673
G01 X20.63020 Y28.79689
G01 X20.63731 Y28.80786
G01 X20.65192 Y28.83316
G01 X31.33562 Y28.83316
G01 X31.37852 Y28.75886
G01 X31.38563 Y28.74789
G01 X31.39388 Y28.73773
G01 X31.53376 Y28.58236
G01 X31.54301 Y28.57311
G01 X31.55319 Y28.56488
G01 X31.72231 Y28.44200
G01 X31.73328 Y28.43486
G01 X31.74494 Y28.42892
G01 X31.93592 Y28.34390
G01 X31.94814 Y28.33920
G01 X31.96079 Y28.33582
G01 X32.16526 Y28.29237
G01 X32.17819 Y28.29031
G01 X32.19127 Y28.28962
G01 X32.40031 Y28.28962
G01 X32.41339 Y28.29031
G01 X32.42629 Y28.29237
G01 X32.63079 Y28.33582
G01 X32.64344 Y28.33920
G01 X32.65565 Y28.34390
G01 X32.84664 Y28.42892
G01 X32.85830 Y28.43486
G01 X32.86927 Y28.44200
G01 X33.03838 Y28.56488
G01 X33.04857 Y28.57311
G01 X33.05781 Y28.58236
G01 X33.19769 Y28.73773
G01 X33.20592 Y28.74789
G01 X33.21306 Y28.75886
G01 X33.31758 Y28.93991
G01 X33.32352 Y28.95157
G01 X33.32822 Y28.96379
G01 X33.39281 Y29.16259
G01 X33.39619 Y29.17524
G01 X33.39825 Y29.18817
G01 X33.42009 Y29.39607
G01 X33.42078 Y29.40915
G01 X33.42009 Y29.42221
G01 X33.39825 Y29.63013
G01 X33.39619 Y29.64304
G01 X33.39281 Y29.65568
G01 X33.32822 Y29.85454
G01 X33.32352 Y29.86673
G01 X33.31758 Y29.87839
G01 X33.21306 Y30.05942
G01 X33.20592 Y30.07039
G01 X33.19769 Y30.08058
G01 X33.14877 Y30.13493
G01 X33.14877 Y34.80503
G01 X33.14816 Y34.81729
G01 X33.13856 Y34.91483
G01 X33.13676 Y34.92697
G01 X33.13378 Y34.93886
G01 X33.10531 Y35.03266
G01 X33.10120 Y35.04422
G01 X33.09594 Y35.05532
G01 X33.04974 Y35.14175
G01 X33.03612 Y35.16213
G01 X32.97394 Y35.23789
G01 X32.96571 Y35.24699
G01 X32.95662 Y35.25522
G01 X32.88085 Y35.31740
G01 X32.86048 Y35.33101
G01 X32.77404 Y35.37721
G01 X32.76294 Y35.38247
G01 X32.75139 Y35.38658
G01 X32.65759 Y35.41506
G01 X32.63356 Y35.41983
G01 X32.53602 Y35.42943
G01 X32.52375 Y35.43004
G01 X32.51151 Y35.42943
G01 X32.41397 Y35.41983
G01 X32.38995 Y35.41506
G01 X32.29614 Y35.38658
G01 X32.28459 Y35.38247
G01 X32.27349 Y35.37721
G01 X32.18705 Y35.33101
G01 X32.17653 Y35.32471
G01 X32.16668 Y35.31740
G01 X32.09091 Y35.25522
G01 X32.08182 Y35.24699
G01 X32.07359 Y35.23789
G01 X32.01141 Y35.16213
G01 X31.99779 Y35.14175
G01 X31.95159 Y35.05532
G01 X31.94633 Y35.04422
G01 X31.94222 Y35.03266
G01 X31.91375 Y34.93886
G01 X31.91077 Y34.92697
G01 X31.90897 Y34.91483
G01 X31.89937 Y34.81729
G01 X31.89876 Y34.80503
G01 X31.89876 Y30.45784
G01 X31.74494 Y30.38936
G01 X31.73328 Y30.38342
G01 X31.72231 Y30.37631
G01 X31.55319 Y30.25342
G01 X31.54301 Y30.24519
G01 X31.53376 Y30.23592
G01 X31.39622 Y30.08317
G01 X20.65192 Y30.08317
G01 X20.63731 Y30.10844
G01 X20.63020 Y30.11941
G01 X20.62197 Y30.12957
G01 X20.48207 Y30.28494
G01 X20.47282 Y30.29419
G01 X20.46266 Y30.30242
G01 X20.29353 Y30.42530
G01 X20.28255 Y30.43242
G01 X20.27089 Y30.43836
G01 X20.07991 Y30.52340
G01 X20.06769 Y30.52807
G01 X20.05507 Y30.53148
G01 X19.85057 Y30.57494
G01 X19.83765 Y30.57699
G01 X19.82459 Y30.57765
G01 X19.61552 Y30.57765
G01 X19.60247 Y30.57699
G01 X19.58954 Y30.57494
G01 X19.38504 Y30.53148
G01 X19.37242 Y30.52807
G01 X19.36020 Y30.52340
G01 X19.16922 Y30.43836
G01 X19.15756 Y30.43242
G01 X19.14659 Y30.42530
G01 X18.97745 Y30.30242
G01 X18.96729 Y30.29419
G01 X18.95802 Y30.28494
G01 X18.81814 Y30.12957
G01 X18.80991 Y30.11941
G01 X18.80277 Y30.10844
G01 X18.69825 Y29.92741
G01 X18.69231 Y29.91573
G01 X18.68764 Y29.90351
G01 X18.62302 Y29.70468
G01 X18.61964 Y29.69203
G01 X18.61758 Y29.67913
G01 X18.59574 Y29.47120
G01 X18.59505 Y29.45815
G04 P0 ( dwell for no time -- G64 should not smooth over this point )
G00 Z4.00000 ( retract )

G00 X40.72981 Y27.30504 ( rapid move to begin. )
G01 F20.00000
( Mill infeed pass 1/1 )
G01 Z-0.01800
G04 P0 ( dwell for no time -- G64 should not smooth over this point )
G01 F40.00000
G01 X40.72981 Y27.30504
G01 X40.72981 Y32.30503
G01 X40.73042 Y32.31730
G01 X40.73809 Y32.39533
G01 X40.74289 Y32.41936
G01 X40.76565 Y32.49441
G01 X40.76979 Y32.50595
G01 X40.77502 Y32.51705
G01 X40.81198 Y32.58621
G01 X40.81830 Y32.59673
G01 X40.82559 Y32.60658
G01 X40.87535 Y32.66718
G01 X40.89267 Y32.68451
G01 X40.95328 Y32.73427
G01 X40.97365 Y32.74788
G01 X41.04281 Y32.78484
G01 X41.05391 Y32.79007
G01 X41.06544 Y32.79421
G01 X41.14050 Y32.81697
G01 X41.16453 Y32.82177
G01 X41.24256 Y32.82944
G01 X41.25482 Y32.83005
G01 X42.72980 Y32.83005
G01 X42.72980 Y36.96687
G01 X42.72884 Y36.96832
G01 X42.68263 Y37.05476
G01 X42.67738 Y37.06586
G01 X42.67326 Y37.07741
G01 X42.64479 Y37.17121
G01 X42.64182 Y37.18310
G01 X42.64001 Y37.19524
G01 X42.63041 Y37.29278
G01 X42.63041 Y37.31729
G01 X42.64001 Y37.41483
G01 X42.64182 Y37.42697
G01 X42.64479 Y37.43885
G01 X42.67326 Y37.53266
G01 X42.67738 Y37.54421
G01 X42.68263 Y37.55531
G01 X42.72884 Y37.64175
G01 X42.74245 Y37.66212
G01 X42.80463 Y37.73789
G01 X42.81286 Y37.74698
G01 X42.82195 Y37.75521
G01 X42.89772 Y37.81739
G01 X42.90758 Y37.82471
G01 X42.91809 Y37.83100
G01 X43.00453 Y37.87721
G01 X43.01563 Y37.88247
G01 X43.02719 Y37.88658
G01 X43.12099 Y37.91505
G01 X43.14502 Y37.91983
G01 X43.24255 Y37.92943
G01 X43.25482 Y37.93004
G01 X79.25482 Y37.93004
G01 X79.26707 Y37.92943
G01 X79.36460 Y37.91983
G01 X79.38863 Y37.91505
G01 X79.48243 Y37.88658
G01 X79.49399 Y37.88247
G01 X79.50509 Y37.87721
G01 X79.59153 Y37.83100
G01 X79.61190 Y37.81739
G01 X79.68767 Y37.75521
G01 X79.69676 Y37.74698
G01 X79.70499 Y37.73789
G01 X79.76717 Y37.66212
G01 X79.77448 Y37.65226
G01 X79.78078 Y37.64175
G01 X79.82699 Y37.55531
G01 X79.83636 Y37.53266
G01 X79.86483 Y37.43885
G01 X79.86961 Y37.41483
G01 X79.87921 Y37.31729
G01 X79.87982 Y37.30502
G01 X79.87921 Y37.29278
G01 X79.86961 Y37.19524
G01 X79.86483 Y37.17121
G01 X79.83636 Y37.07741
G01 X79.82699 Y37.05476
G01 X79.78078 Y36.96832
G01 X79.77448 Y36.95780
G01 X79.76717 Y36.94795
G01 X79.70499 Y36.87218
G01 X79.69676 Y36.86309
G01 X79.68767 Y36.85486
G01 X79.61190 Y36.79268
G01 X79.59153 Y36.77906
G01 X79.50509 Y36.73286
G01 X79.49399 Y36.72760
G01 X79.48243 Y36.72349
G01 X79.38863 Y36.69502
G01 X79.36460 Y36.69024
G01 X79.26707 Y36.68064
G01 X79.25482 Y36.68003
G01 X43.77981 Y36.68003
G01 X43.77981 Y27.30504
G01 X43.77920 Y27.29280
G01 X43.77153 Y27.21477
G01 X43.76973 Y27.20263
G01 X43.76673 Y27.19074
G01 X43.74397 Y27.11568
G01 X43.73460 Y27.09305
G01 X43.69764 Y27.02389
G01 X43.69132 Y27.01337
G01 X43.68403 Y27.00352
G01 X43.63427 Y26.94291
G01 X43.61695 Y26.92559
G01 X43.55634 Y26.87583
G01 X43.53597 Y26.86222
G01 X43.46681 Y26.82526
G01 X43.45571 Y26.82003
G01 X43.44418 Y26.81589
G01 X43.36912 Y26.79313
G01 X43.34509 Y26.78833
G01 X43.26706 Y26.78066
G01 X43.24255 Y26.78066
G01 X43.16452 Y26.78833
G01 X43.14050 Y26.79313
G01 X43.06544 Y26.81589
G01 X43.05391 Y26.82003
G01 X43.04281 Y26.82526
G01 X42.97364 Y26.86222
G01 X42.95327 Y26.87583
G01 X42.89267 Y26.92559
G01 X42.87534 Y26.94291
G01 X42.82559 Y27.00352
G01 X42.81830 Y27.01337
G01 X42.81197 Y27.02389
G01 X42.77501 Y27.09305
G01 X42.76564 Y27.11568
G01 X42.74288 Y27.19074
G01 X42.73989 Y27.20263
G01 X42.73808 Y27.21477
G01 X42.73041 Y27.29280
G01 X42.72980 Y27.30507
G01 X42.72980 Y31.78004
G01 X41.77982 Y31.78004
G01 X41.77982 Y27.30504
G01 X41.77921 Y27.29280
G01 X41.77154 Y27.21477
G01 X41.76973 Y27.20263
G01 X41.76674 Y27.19074
G01 X41.74398 Y27.11568
G01 X41.73461 Y27.09305
G01 X41.69765 Y27.02389
G01 X41.69132 Y27.01337
G01 X41.68403 Y27.00352
G01 X41.63428 Y26.94291
G01 X41.61695 Y26.92559
G01 X41.55635 Y26.87583
G01 X41.53598 Y26.86222
G01 X41.46681 Y26.82526
G01 X41.45571 Y26.82003
G01 X41.44418 Y26.81589
G01 X41.36912 Y26.79313
G01 X41.34510 Y26.78833
G01 X41.26707 Y26.78066
G01 X41.24256 Y26.78066
G01 X41.16453 Y26.78833
G01 X41.14050 Y26.79313
G01 X41.06544 Y26.81589
G01 X41.05391 Y26.82003
G01 X41.04281 Y26.82526
G01 X40.97365 Y26.86222
G01 X40.95328 Y26.87583
G01 X40.89267 Y26.92559
G01 X40.87535 Y26.94291
G01 X40.82559 Y27.00352
G01 X40.81830 Y27.01337
G01 X40.81198 Y27.02389
G01 X40.77502 Y27.09305
G01 X40.76565 Y27.11568
G01 X40.74289 Y27.19074
G01 X40.73989 Y27.20263
G01 X40.73809 Y27.21477
G01 X40.73042 Y27.29280
G01 X40.72981 Y27.30504
G04 P0 ( dwell for no time -- G64 should not smooth over this point )
G00 Z4.00000 ( retract )

G00 X47.07978 Y30.05297 ( rapid move to begin. )
G01 F20.00000
( Mill infeed pass 1/1 )
G01 Z-0.01800
G04 P0 ( dwell for no time -- G64 should not smooth over this point )
G01 F40.00000
G01 X47.07978 Y30.05297
G01 X47.08047 Y30.06607
G01 X47.08702 Y30.12843
G01 X47.08908 Y30.14133
G01 X47.09246 Y30.15398
G01 X47.11184 Y30.21362
G01 X47.11654 Y30.22584
G01 X47.12248 Y30.23750
G01 X47.15382 Y30.29183
G01 X47.16096 Y30.30280
G01 X47.16919 Y30.31296
G01 X47.21115 Y30.35954
G01 X47.22042 Y30.36882
G01 X47.23058 Y30.37704
G01 X47.28133 Y30.41390
G01 X47.29230 Y30.42104
G01 X47.30396 Y30.42698
G01 X47.36124 Y30.45248
G01 X47.37346 Y30.45718
G01 X47.38611 Y30.46056
G01 X47.44745 Y30.47359
G01 X47.46037 Y30.47565
G01 X47.47343 Y30.47633
G01 X47.53614 Y30.47633
G01 X47.54922 Y30.47565
G01 X47.56213 Y30.47359
G01 X47.62349 Y30.46056
G01 X47.63612 Y30.45718
G01 X47.64833 Y30.45248
G01 X47.70338 Y30.42797
G01 X48.33137 Y30.42797
G01 X48.34031 Y30.43168
G01 X48.35908 Y30.43737
G01 X48.37096 Y30.44037
G01 X48.38311 Y30.44214
G01 X48.40261 Y30.44408
G01 X48.41488 Y30.44468
G01 X50.34188 Y30.44468
G01 X50.35412 Y30.44408
G01 X50.37363 Y30.44214
G01 X50.38577 Y30.44037
G01 X50.39766 Y30.43737
G01 X50.41643 Y30.43168
G01 X50.43906 Y30.42231
G01 X50.45636 Y30.41306
G01 X50.46687 Y30.40676
G01 X50.47673 Y30.39945
G01 X50.49186 Y30.38703
G01 X50.50096 Y30.37877
G01 X50.50921 Y30.36968
G01 X50.52163 Y30.35454
G01 X50.53525 Y30.33417
G01 X50.54449 Y30.31687
G01 X50.54973 Y30.30577
G01 X50.55387 Y30.29427
G01 X50.55956 Y30.27547
G01 X50.56255 Y30.26358
G01 X50.56433 Y30.25144
G01 X50.56626 Y30.23193
G01 X50.56687 Y30.21967
G01 X50.56687 Y29.88632
G01 X50.56626 Y29.87407
G01 X50.56433 Y29.85457
G01 X50.56255 Y29.84243
G01 X50.55956 Y29.83054
G01 X50.55387 Y29.81179
G01 X50.54973 Y29.80024
G01 X50.54449 Y29.78914
G01 X50.54256 Y29.78553
G01 X50.53525 Y29.77186
G01 X50.52163 Y29.75147
G01 X50.50921 Y29.73633
G01 X50.50096 Y29.72724
G01 X50.49186 Y29.71901
G01 X50.47673 Y29.70656
G01 X50.46687 Y29.69925
G01 X50.45636 Y29.69295
G01 X50.43906 Y29.68370
G01 X50.41643 Y29.67433
G01 X50.39766 Y29.66864
G01 X50.38577 Y29.66564
G01 X50.37363 Y29.66386
G01 X50.35412 Y29.66193
G01 X50.34188 Y29.66132
G01 X48.41488 Y29.66132
G01 X48.40261 Y29.66193
G01 X48.38311 Y29.66386
G01 X48.37096 Y29.66564
G01 X48.35908 Y29.66864
G01 X48.34031 Y29.67433
G01 X48.33152 Y29.67796
G01 X47.70340 Y29.67799
G01 X47.64833 Y29.65345
G01 X47.63612 Y29.64878
G01 X47.62349 Y29.64540
G01 X47.56213 Y29.63234
G01 X47.54922 Y29.63031
G01 X47.53614 Y29.62962
G01 X47.47343 Y29.62962
G01 X47.46037 Y29.63031
G01 X47.44745 Y29.63234
G01 X47.38611 Y29.64540
G01 X47.37346 Y29.64878
G01 X47.36124 Y29.65345
G01 X47.30396 Y29.67898
G01 X47.29230 Y29.68492
G01 X47.28133 Y29.69203
G01 X47.23058 Y29.72891
G01 X47.22367 Y29.73450
G01 X47.22042 Y29.73714
G01 X47.21115 Y29.74639
G01 X47.16919 Y29.79300
G01 X47.16096 Y29.80316
G01 X47.15382 Y29.81413
G01 X47.12248 Y29.86846
G01 X47.11654 Y29.88014
G01 X47.11184 Y29.89231
G01 X47.09246 Y29.95198
G01 X47.08908 Y29.96460
G01 X47.08702 Y29.97753
G01 X47.08047 Y30.03991
G01 X47.07978 Y30.05297
G04 P0 ( dwell for no time -- G64 should not smooth over this point )
G00 Z4.00000 ( retract )

G00 X48.19781 Y29.07956 ( rapid move to begin. )
G01 F20.00000
( Mill infeed pass 1/1 )
G01 Z-0.01800
G04 P0 ( dwell for no time -- G64 should not smooth over this point )
G01 F40.00000
G01 X48.19781 Y29.07956
G01 X48.19781 Y29.41291
G01 X48.19842 Y29.42518
G01 X48.20035 Y29.44469
G01 X48.20213 Y29.45683
G01 X48.20513 Y29.46872
G01 X48.21082 Y29.48749
G01 X48.21496 Y29.49902
G01 X48.22019 Y29.51012
G01 X48.22215 Y29.51375
G01 X48.22944 Y29.52741
G01 X48.24305 Y29.54779
G01 X48.25547 Y29.56292
G01 X48.26373 Y29.57202
G01 X48.27282 Y29.58027
G01 X48.28796 Y29.59269
G01 X48.29781 Y29.60001
G01 X48.30833 Y29.60631
G01 X48.32563 Y29.61555
G01 X48.34826 Y29.62493
G01 X48.36703 Y29.63061
G01 X48.37892 Y29.63361
G01 X48.39106 Y29.63539
G01 X48.41056 Y29.63732
G01 X48.42283 Y29.63793
G01 X50.34985 Y29.63793
G01 X50.36210 Y29.63732
G01 X50.38160 Y29.63539
G01 X50.39374 Y29.63361
G01 X50.40563 Y29.63061
G01 X50.42440 Y29.62493
G01 X50.43329 Y29.62124
G01 X50.63296 Y29.62124
G01 X55.79942 Y29.62124
G01 X55.97542 Y29.79726
G01 X55.98451 Y29.80547
G01 X56.02238 Y29.83658
G01 X56.03224 Y29.84387
G01 X56.04273 Y29.85017
G01 X56.08599 Y29.87329
G01 X56.10862 Y29.88268
G01 X56.15553 Y29.89691
G01 X56.16739 Y29.89988
G01 X56.17956 Y29.90166
G01 X56.22833 Y29.90651
G01 X56.24060 Y29.90709
G01 X58.62982 Y29.90709
G01 X58.62982 Y29.96506
G01 X58.63223 Y29.98942
G01 X58.63935 Y30.01286
G01 X58.65090 Y30.03450
G01 X58.66645 Y30.05342
G01 X58.68537 Y30.06897
G01 X58.70699 Y30.08053
G01 X58.73043 Y30.08764
G01 X58.75482 Y30.09002
G01 X60.25484 Y30.09002
G01 X60.27922 Y30.08764
G01 X60.30267 Y30.08053
G01 X60.32428 Y30.06897
G01 X60.34320 Y30.05342
G01 X60.35875 Y30.03450
G01 X60.37031 Y30.01286
G01 X60.37742 Y29.98942
G01 X60.37983 Y29.96506
G01 X60.37983 Y29.06503
G01 X60.37742 Y29.04065
G01 X60.37031 Y29.01720
G01 X60.35875 Y28.99559
G01 X60.34320 Y28.97664
G01 X60.32428 Y28.96110
G01 X60.30267 Y28.94954
G01 X60.27922 Y28.94243
G01 X60.25484 Y28.94004
G01 X58.75482 Y28.94004
G01 X58.73043 Y28.94243
G01 X58.70699 Y28.94954
G01 X58.68537 Y28.96110
G01 X58.66645 Y28.97664
G01 X58.65090 Y28.99559
G01 X58.63935 Y29.01720
G01 X58.63223 Y29.04065
G01 X58.62982 Y29.06503
G01 X58.62982 Y29.15708
G01 X56.39592 Y29.15708
G01 X56.21992 Y28.98109
G01 X56.21083 Y28.97286
G01 X56.17296 Y28.94177
G01 X56.16310 Y28.93445
G01 X56.15256 Y28.92815
G01 X56.10935 Y28.90504
G01 X56.08670 Y28.89567
G01 X56.03981 Y28.88144
G01 X56.02792 Y28.87844
G01 X56.01578 Y28.87667
G01 X55.96701 Y28.87184
G01 X55.95474 Y28.87126
G01 X54.11919 Y28.87126
G01 X50.43329 Y28.87126
G01 X50.42440 Y28.86757
G01 X50.40563 Y28.86188
G01 X50.39374 Y28.85889
G01 X50.38160 Y28.85711
G01 X50.36210 Y28.85518
G01 X50.34985 Y28.85457
G01 X48.42283 Y28.85457
G01 X48.41056 Y28.85518
G01 X48.39106 Y28.85711
G01 X48.37892 Y28.85889
G01 X48.36703 Y28.86188
G01 X48.34826 Y28.86757
G01 X48.32563 Y28.87695
G01 X48.30833 Y28.88619
G01 X48.29781 Y28.89249
G01 X48.28796 Y28.89981
G01 X48.27282 Y28.91223
G01 X48.26373 Y28.92048
G01 X48.25547 Y28.92957
G01 X48.24305 Y28.94471
G01 X48.22944 Y28.96508
G01 X48.22019 Y28.98238
G01 X48.21496 Y28.99348
G01 X48.21082 Y29.00501
G01 X48.20513 Y29.02378
G01 X48.20213 Y29.03567
G01 X48.20035 Y29.04781
G01 X48.19842 Y29.06732
G01 X48.19781 Y29.07956
G01 X48.19781 Y28.55774
G01 X48.19842 Y28.57001
G01 X48.20035 Y28.58952
G01 X48.20213 Y28.60166
G01 X48.20513 Y28.61355
G01 X48.21082 Y28.63232
G01 X48.21496 Y28.64385
G01 X48.22019 Y28.65495
G01 X48.22944 Y28.67225
G01 X48.24305 Y28.69262
G01 X48.25547 Y28.70776
G01 X48.26373 Y28.71685
G01 X48.27262 Y28.72493
G01 X48.28796 Y28.73753
G01 X48.29781 Y28.74484
G01 X48.30833 Y28.75114
G01 X48.32563 Y28.76039
G01 X48.34826 Y28.76976
G01 X48.36703 Y28.77545
G01 X48.37892 Y28.77844
G01 X48.39106 Y28.78022
G01 X48.41056 Y28.78215
G01 X48.42283 Y28.78276
G01 X50.34985 Y28.78276
G01 X50.36210 Y28.78215
G01 X50.38160 Y28.78022
G01 X50.39374 Y28.77844
G01 X50.40563 Y28.77545
G01 X50.42440 Y28.76976
G01 X50.43329 Y28.76608
G01 X53.84108 Y28.76608
G01 X53.85091 Y28.76569
G01 X53.89003 Y28.76262
G01 X53.90941 Y28.75955
G01 X53.94756 Y28.75038
G01 X53.96620 Y28.74433
G01 X54.00245 Y28.72930
G01 X54.01993 Y28.72041
G01 X54.05338 Y28.69988
G01 X54.06440 Y28.69188
G01 X54.06925 Y28.68835
G01 X54.09910 Y28.66287
G01 X54.10628 Y28.65622
G01 X54.20077 Y28.56171
G01 X54.20903 Y28.55261
G01 X54.24009 Y28.51472
G01 X54.25371 Y28.49435
G01 X54.27680 Y28.45114
G01 X54.28617 Y28.42851
G01 X54.30039 Y28.38162
G01 X54.30519 Y28.35759
G01 X54.30999 Y28.30882
G01 X54.31058 Y28.29656
G01 X54.31058 Y24.78069
G01 X58.62982 Y24.78069
G01 X58.62982 Y24.88503
G01 X58.63173 Y24.90672
G01 X58.63737 Y24.92778
G01 X58.64656 Y24.94754
G01 X58.65906 Y24.96537
G01 X58.67448 Y24.98079
G01 X58.69233 Y24.99329
G01 X58.71207 Y25.00248
G01 X58.73312 Y25.00812
G01 X58.75482 Y25.01002
G01 X60.25484 Y25.01002
G01 X60.27922 Y25.00764
G01 X60.30267 Y25.00053
G01 X60.32428 Y24.98897
G01 X60.33970 Y24.97629
G01 X60.34320 Y24.97342
G01 X60.35875 Y24.95447
G01 X60.37031 Y24.93286
G01 X60.37742 Y24.90942
G01 X60.37983 Y24.88503
G01 X60.37983 Y23.98503
G01 X60.37742 Y23.96065
G01 X60.37031 Y23.93720
G01 X60.35875 Y23.91559
G01 X60.34320 Y23.89664
G01 X60.33975 Y23.89380
G01 X60.32428 Y23.88110
G01 X60.30267 Y23.86954
G01 X60.27922 Y23.86243
G01 X60.25484 Y23.86004
G01 X58.75482 Y23.86004
G01 X58.73043 Y23.86243
G01 X58.70699 Y23.86954
G01 X58.68537 Y23.88110
G01 X58.66645 Y23.89664
G01 X58.65090 Y23.91559
G01 X58.63935 Y23.93720
G01 X58.63223 Y23.96065
G01 X58.62982 Y23.98503
G01 X58.62982 Y24.03070
G01 X53.93560 Y24.03070
G01 X53.92333 Y24.03129
G01 X53.87456 Y24.03611
G01 X53.85053 Y24.04089
G01 X53.80362 Y24.05511
G01 X53.79209 Y24.05925
G01 X53.78099 Y24.06448
G01 X53.73776 Y24.08760
G01 X53.71739 Y24.10121
G01 X53.67951 Y24.13230
G01 X53.67042 Y24.14053
G01 X53.66219 Y24.14963
G01 X53.63110 Y24.18750
G01 X53.61749 Y24.20787
G01 X53.59437 Y24.25110
G01 X53.58500 Y24.27373
G01 X53.57078 Y24.32064
G01 X53.56600 Y24.34467
G01 X53.56118 Y24.39344
G01 X53.56059 Y24.40568
G01 X53.56059 Y28.01609
G01 X50.43334 Y28.01609
G01 X50.42440 Y28.01238
G01 X50.40563 Y28.00669
G01 X50.39374 Y28.00369
G01 X50.38160 Y28.00192
G01 X50.36210 Y27.99999
G01 X50.34985 Y27.99938
G01 X48.42283 Y27.99938
G01 X48.41056 Y27.99999
G01 X48.39106 Y28.00192
G01 X48.37892 Y28.00369
G01 X48.36703 Y28.00669
G01 X48.34826 Y28.01238
G01 X48.32563 Y28.02175
G01 X48.30833 Y28.03100
G01 X48.29781 Y28.03730
G01 X48.28796 Y28.04461
G01 X48.27282 Y28.05703
G01 X48.26373 Y28.06529
G01 X48.25966 Y28.06976
G01 X48.25547 Y28.07438
G01 X48.24305 Y28.08952
G01 X48.22944 Y28.10989
G01 X48.22019 Y28.12719
G01 X48.21496 Y28.13829
G01 X48.21082 Y28.14982
G01 X48.20513 Y28.16859
G01 X48.20213 Y28.18048
G01 X48.20035 Y28.19262
G01 X48.19842 Y28.21213
G01 X48.19781 Y28.22437
G01 X48.19781 Y28.55774
G04 P0 ( dwell for no time -- G64 should not smooth over this point )
G00 Z4.00000 ( retract )

G00 X45.99998 Y27.60138 ( rapid move to begin. )
G01 F20.00000
( Mill infeed pass 1/1 )
G01 Z-0.01800
G04 P0 ( dwell for no time -- G64 should not smooth over this point )
G01 F40.00000
G01 X45.99998 Y27.60138
G01 X45.99998 Y32.80503
G01 X46.00059 Y32.81730
G01 X46.00826 Y32.89533
G01 X46.01306 Y32.91936
G01 X46.03582 Y32.99441
G01 X46.03996 Y33.00594
G01 X46.04519 Y33.01704
G01 X46.08110 Y33.08425
G01 X46.08215 Y33.08621
G01 X46.08847 Y33.09672
G01 X46.09576 Y33.10658
G01 X46.14552 Y33.16718
G01 X46.16284 Y33.18451
G01 X46.22345 Y33.23427
G01 X46.24382 Y33.24788
G01 X46.31298 Y33.28484
G01 X46.32408 Y33.29007
G01 X46.33561 Y33.29421
G01 X46.41067 Y33.31697
G01 X46.43470 Y33.32177
G01 X46.51273 Y33.32944
G01 X46.52499 Y33.33005
G01 X61.75483 Y33.33005
G01 X61.76708 Y33.32944
G01 X61.84511 Y33.32177
G01 X61.86913 Y33.31697
G01 X61.94419 Y33.29421
G01 X61.96682 Y33.28484
G01 X62.03599 Y33.24788
G01 X62.04650 Y33.24155
G01 X62.05636 Y33.23427
G01 X62.11696 Y33.18451
G01 X62.12606 Y33.17628
G01 X62.39230 Y32.91003
G01 X62.98983 Y32.91003
G01 X63.01152 Y32.90813
G01 X63.03258 Y32.90249
G01 X63.05232 Y32.89330
G01 X63.07017 Y32.88077
G01 X63.08559 Y32.86538
G01 X63.09809 Y32.84752
G01 X63.10728 Y32.82779
G01 X63.11292 Y32.80673
G01 X63.11483 Y32.78504
G01 X63.11483 Y31.28502
G01 X63.11241 Y31.26063
G01 X63.10530 Y31.23719
G01 X63.09377 Y31.21557
G01 X63.07823 Y31.19665
G01 X63.05928 Y31.18111
G01 X63.03766 Y31.16955
G01 X63.02255 Y31.16495
G01 X63.01422 Y31.16244
G01 X62.98983 Y31.16003
G01 X62.08984 Y31.16003
G01 X62.06812 Y31.16193
G01 X62.04706 Y31.16757
G01 X62.02733 Y31.17679
G01 X62.00947 Y31.18929
G01 X61.99408 Y31.20468
G01 X61.98158 Y31.22253
G01 X61.97236 Y31.24227
G01 X61.96672 Y31.26333
G01 X61.96482 Y31.28502
G01 X61.96482 Y31.86813
G01 X61.95328 Y31.87582
G01 X61.89268 Y31.92558
G01 X61.88359 Y31.93381
G01 X61.53736 Y32.28004
G01 X47.04999 Y32.28004
G01 X47.04999 Y27.89468
G01 X48.19240 Y27.89468
G01 X48.30955 Y27.89468
G01 X48.31844 Y27.89836
G01 X48.33721 Y27.90405
G01 X48.34910 Y27.90705
G01 X48.36124 Y27.90882
G01 X48.38074 Y27.91076
G01 X48.39301 Y27.91137
G01 X50.32001 Y27.91137
G01 X50.33225 Y27.91076
G01 X50.35176 Y27.90882
G01 X50.36390 Y27.90705
G01 X50.37579 Y27.90405
G01 X50.39456 Y27.89836
G01 X50.41719 Y27.88899
G01 X50.43449 Y27.87974
G01 X50.44500 Y27.87344
G01 X50.45486 Y27.86613
G01 X50.47000 Y27.85371
G01 X50.47909 Y27.84545
G01 X50.48310 Y27.84103
G01 X50.48734 Y27.83636
G01 X50.49976 Y27.82122
G01 X50.51338 Y27.80085
G01 X50.52262 Y27.78355
G01 X50.52786 Y27.77245
G01 X50.53200 Y27.76092
G01 X50.53769 Y27.74215
G01 X50.54068 Y27.73026
G01 X50.54246 Y27.71812
G01 X50.54439 Y27.69861
G01 X50.54500 Y27.68635
G01 X50.54500 Y27.35300
G01 X50.54439 Y27.34075
G01 X50.54246 Y27.32125
G01 X50.54068 Y27.30911
G01 X50.53769 Y27.29722
G01 X50.53200 Y27.27845
G01 X50.52786 Y27.26692
G01 X50.52262 Y27.25582
G01 X50.51338 Y27.23852
G01 X50.51216 Y27.23672
G01 X50.49976 Y27.21815
G01 X50.48734 Y27.20301
G01 X50.47909 Y27.19392
G01 X50.47000 Y27.18566
G01 X50.45486 Y27.17324
G01 X50.44500 Y27.16593
G01 X50.43449 Y27.15963
G01 X50.41719 Y27.15038
G01 X50.39456 Y27.14101
G01 X50.37579 Y27.13532
G01 X50.36390 Y27.13232
G01 X50.35176 Y27.13054
G01 X50.33225 Y27.12861
G01 X50.32001 Y27.12800
G01 X48.39301 Y27.12800
G01 X48.38074 Y27.12861
G01 X48.36124 Y27.13054
G01 X48.34910 Y27.13232
G01 X48.33721 Y27.13532
G01 X48.31844 Y27.14101
G01 X48.30955 Y27.14469
G01 X46.78014 Y27.14467
G01 X46.73698 Y27.12160
G01 X46.72588 Y27.11637
G01 X46.71435 Y27.11223
G01 X46.63929 Y27.08947
G01 X46.61527 Y27.08467
G01 X46.53724 Y27.07700
G01 X46.51273 Y27.07700
G01 X46.43470 Y27.08467
G01 X46.41067 Y27.08947
G01 X46.33561 Y27.11223
G01 X46.32408 Y27.11637
G01 X46.31298 Y27.12160
G01 X46.24382 Y27.15856
G01 X46.22345 Y27.17217
G01 X46.16284 Y27.22193
G01 X46.14552 Y27.23926
G01 X46.09576 Y27.29986
G01 X46.08847 Y27.30972
G01 X46.08215 Y27.32023
G01 X46.04519 Y27.38940
G01 X46.03582 Y27.41203
G01 X46.01306 Y27.48708
G01 X46.01006 Y27.49897
G01 X46.00826 Y27.51111
G01 X46.00059 Y27.58914
G01 X45.99998 Y27.60138
G04 P0 ( dwell for no time -- G64 should not smooth over this point )
G00 Z4.00000 ( retract )

G00 X48.17793 Y26.52765 ( rapid move to begin. )
G01 F20.00000
( Mill infeed pass 1/1 )
G01 Z-0.01800
G04 P0 ( dwell for no time -- G64 should not smooth over this point )
G01 F40.00000
G01 X48.17793 Y26.52765
G01 X48.17793 Y26.86102
G01 X48.17853 Y26.87329
G01 X48.18046 Y26.89280
G01 X48.18224 Y26.90494
G01 X48.18524 Y26.91683
G01 X48.19093 Y26.93560
G01 X48.19507 Y26.94713
G01 X48.20030 Y26.95823
G01 X48.20955 Y26.97553
G01 X48.21079 Y26.97738
G01 X48.22316 Y26.99590
G01 X48.23558 Y27.01104
G01 X48.24384 Y27.02013
G01 X48.25293 Y27.02838
G01 X48.26807 Y27.04081
G01 X48.27792 Y27.04812
G01 X48.28844 Y27.05442
G01 X48.30574 Y27.06367
G01 X48.32837 Y27.07304
G01 X48.34714 Y27.07873
G01 X48.35903 Y27.08172
G01 X48.37117 Y27.08350
G01 X48.39068 Y27.08543
G01 X48.40294 Y27.08604
G01 X50.32997 Y27.08604
G01 X50.34221 Y27.08543
G01 X50.36172 Y27.08350
G01 X50.37386 Y27.08172
G01 X50.38574 Y27.07873
G01 X50.40451 Y27.07304
G01 X50.41346 Y27.06933
G01 X50.59687 Y27.06933
G01 X52.05625 Y27.06933
G01 X52.11127 Y27.09384
G01 X52.12348 Y27.09854
G01 X52.13613 Y27.10192
G01 X52.19748 Y27.11495
G01 X52.21040 Y27.11701
G01 X52.22346 Y27.11769
G01 X52.28617 Y27.11769
G01 X52.29925 Y27.11701
G01 X52.31218 Y27.11495
G01 X52.37352 Y27.10192
G01 X52.38615 Y27.09854
G01 X52.39836 Y27.09384
G01 X52.45567 Y27.06834
G01 X52.46732 Y27.06240
G01 X52.47830 Y27.05526
G01 X52.52905 Y27.01840
G01 X52.53921 Y27.01017
G01 X52.54845 Y27.00090
G01 X52.59041 Y26.95432
G01 X52.59867 Y26.94413
G01 X52.60578 Y26.93316
G01 X52.63715 Y26.87886
G01 X52.64309 Y26.86720
G01 X52.64777 Y26.85498
G01 X52.65729 Y26.82564
G01 X52.66143 Y26.81792
G01 X52.66666 Y26.80682
G01 X52.67080 Y26.79529
G01 X52.68503 Y26.74838
G01 X52.68803 Y26.73649
G01 X52.68980 Y26.72435
G01 X52.69463 Y26.67558
G01 X52.69463 Y26.65107
G01 X52.68980 Y26.60230
G01 X52.68503 Y26.57827
G01 X52.67080 Y26.53136
G01 X52.66666 Y26.51983
G01 X52.66143 Y26.50873
G01 X52.63832 Y26.46550
G01 X52.62707 Y26.44866
G01 X52.62470 Y26.44512
G01 X52.59361 Y26.40725
G01 X52.57629 Y26.38993
G01 X52.53842 Y26.35884
G01 X52.52856 Y26.35153
G01 X52.51805 Y26.34523
G01 X52.47482 Y26.32211
G01 X52.45219 Y26.31274
G01 X52.40959 Y26.29981
G01 X52.39839 Y26.29483
G01 X52.38617 Y26.29013
G01 X52.37352 Y26.28676
G01 X52.31218 Y26.27370
G01 X52.29925 Y26.27167
G01 X52.28617 Y26.27098
G01 X52.22346 Y26.27098
G01 X52.21040 Y26.27167
G01 X52.19748 Y26.27370
G01 X52.13613 Y26.28676
G01 X52.12348 Y26.29013
G01 X52.11127 Y26.29481
G01 X52.05623 Y26.31934
G01 X50.41340 Y26.31934
G01 X50.40451 Y26.31566
G01 X50.38574 Y26.30997
G01 X50.37386 Y26.30697
G01 X50.36172 Y26.30520
G01 X50.34221 Y26.30327
G01 X50.32997 Y26.30266
G01 X48.40294 Y26.30266
G01 X48.39068 Y26.30327
G01 X48.37117 Y26.30520
G01 X48.35903 Y26.30697
G01 X48.34714 Y26.30997
G01 X48.32837 Y26.31566
G01 X48.30574 Y26.32503
G01 X48.28844 Y26.33428
G01 X48.27792 Y26.34058
G01 X48.26807 Y26.34789
G01 X48.25293 Y26.36031
G01 X48.24384 Y26.36857
G01 X48.23558 Y26.37766
G01 X48.22316 Y26.39280
G01 X48.20955 Y26.41317
G01 X48.20030 Y26.43047
G01 X48.19507 Y26.44157
G01 X48.19093 Y26.45310
G01 X48.18524 Y26.47187
G01 X48.18224 Y26.48376
G01 X48.18046 Y26.49590
G01 X48.17853 Y26.51541
G01 X48.17793 Y26.52765
G01 X48.17445 Y26.08625
G01 X48.17157 Y25.71876
G01 X48.17157 Y26.05214
G01 X48.17218 Y26.06440
G01 X48.17412 Y26.08391
G01 X48.17445 Y26.08625
G01 X48.17589 Y26.09605
G01 X48.17889 Y26.10794
G01 X48.18458 Y26.12671
G01 X48.18872 Y26.13824
G01 X48.19395 Y26.14934
G01 X48.20320 Y26.16664
G01 X48.21681 Y26.18701
G01 X48.22923 Y26.20215
G01 X48.23749 Y26.21124
G01 X48.24658 Y26.21950
G01 X48.26172 Y26.23192
G01 X48.27157 Y26.23923
G01 X48.28209 Y26.24553
G01 X48.29939 Y26.25478
G01 X48.32202 Y26.26415
G01 X48.34079 Y26.26984
G01 X48.35268 Y26.27284
G01 X48.36482 Y26.27461
G01 X48.38433 Y26.27654
G01 X48.39659 Y26.27715
G01 X50.32359 Y26.27715
G01 X50.33583 Y26.27654
G01 X50.35534 Y26.27461
G01 X50.36748 Y26.27284
G01 X50.37937 Y26.26984
G01 X50.39814 Y26.26415
G01 X50.40708 Y26.26044
G01 X52.60697 Y26.26044
G01 X52.63992 Y26.27185
G01 X52.66189 Y26.27726
G01 X52.70664 Y26.28409
G01 X52.71820 Y26.28480
G01 X52.72922 Y26.28546
G01 X52.77446 Y26.28411
G01 X52.79691 Y26.28140
G01 X52.84119 Y26.27190
G01 X52.86278 Y26.26517
G01 X52.90461 Y26.24787
G01 X52.92465 Y26.23735
G01 X52.96265 Y26.21279
G01 X52.98048 Y26.19882
G01 X53.01342 Y26.16781
G01 X53.02844 Y26.15089
G01 X53.05526 Y26.11444
G01 X53.06697 Y26.09506
G01 X53.08681 Y26.05437
G01 X53.09483 Y26.03321
G01 X53.10697 Y25.98963
G01 X53.11106 Y25.96735
G01 X53.11515 Y25.92229
G01 X53.11566 Y25.91096
G01 X53.11566 Y16.05785
G01 X58.64735 Y16.05785
G01 X58.65090 Y16.06447
G01 X58.66645 Y16.08342
G01 X58.68537 Y16.09897
G01 X58.70699 Y16.11052
G01 X58.73043 Y16.11764
G01 X58.75482 Y16.12002
G01 X60.25484 Y16.12002
G01 X60.27922 Y16.11764
G01 X60.30267 Y16.11052
G01 X60.32428 Y16.09897
G01 X60.34320 Y16.08342
G01 X60.35875 Y16.06447
G01 X60.37031 Y16.04286
G01 X60.37742 Y16.01942
G01 X60.37983 Y15.99503
G01 X60.37983 Y15.09503
G01 X60.37742 Y15.07065
G01 X60.37031 Y15.04720
G01 X60.35875 Y15.02559
G01 X60.34320 Y15.00664
G01 X60.33975 Y15.00380
G01 X60.32428 Y14.99110
G01 X60.30267 Y14.97954
G01 X60.27922 Y14.97243
G01 X60.25484 Y14.97004
G01 X58.75482 Y14.97004
G01 X58.73043 Y14.97243
G01 X58.70699 Y14.97954
G01 X58.68537 Y14.99110
G01 X58.66645 Y15.00664
G01 X58.66546 Y15.00783
G01 X55.36298 Y15.00783
G01 X53.02704 Y15.00783
G01 X53.01477 Y15.00844
G01 X52.93674 Y15.01612
G01 X52.91271 Y15.02092
G01 X52.83766 Y15.04367
G01 X52.82612 Y15.04781
G01 X52.81503 Y15.05305
G01 X52.74586 Y15.09000
G01 X52.72549 Y15.10362
G01 X52.66489 Y15.15338
G01 X52.64756 Y15.17070
G01 X52.59780 Y15.23130
G01 X52.58419 Y15.25167
G01 X52.54723 Y15.32084
G01 X52.54200 Y15.33194
G01 X52.53786 Y15.34347
G01 X52.51510 Y15.41853
G01 X52.51030 Y15.44256
G01 X52.50263 Y15.52058
G01 X52.50263 Y15.52691
G01 X52.47550 Y15.55404
G01 X52.46727 Y15.56313
G01 X52.43618 Y15.60100
G01 X52.42257 Y15.62137
G01 X52.39946 Y15.66460
G01 X52.39422 Y15.67570
G01 X52.39008 Y15.68723
G01 X52.37586 Y15.73415
G01 X52.37108 Y15.75818
G01 X52.36626 Y15.80694
G01 X52.36567 Y15.81919
G01 X52.36567 Y25.51046
G01 X50.40703 Y25.51046
G01 X50.39814 Y25.50677
G01 X50.37937 Y25.50108
G01 X50.36748 Y25.49809
G01 X50.35534 Y25.49631
G01 X50.33583 Y25.49438
G01 X50.32359 Y25.49377
G01 X48.39659 Y25.49377
G01 X48.38433 Y25.49438
G01 X48.36482 Y25.49631
G01 X48.35268 Y25.49809
G01 X48.34079 Y25.50108
G01 X48.32202 Y25.50677
G01 X48.29939 Y25.51615
G01 X48.28209 Y25.52539
G01 X48.27157 Y25.53169
G01 X48.26172 Y25.53901
G01 X48.24658 Y25.55143
G01 X48.23749 Y25.55968
G01 X48.22923 Y25.56877
G01 X48.21681 Y25.58391
G01 X48.20320 Y25.60428
G01 X48.19395 Y25.62158
G01 X48.18872 Y25.63268
G01 X48.18458 Y25.64421
G01 X48.17889 Y25.66298
G01 X48.17589 Y25.67487
G01 X48.17412 Y25.68701
G01 X48.17218 Y25.70652
G01 X48.17157 Y25.71876
G04 P0 ( dwell for no time -- G64 should not smooth over this point )
G00 Z4.00000 ( retract )

G00 X46.85890 Y24.69301 ( rapid move to begin. )
G01 F20.00000
( Mill infeed pass 1/1 )
G01 Z-0.01800
G04 P0 ( dwell for no time -- G64 should not smooth over this point )
G01 F40.00000
G01 X46.85890 Y24.69301
G01 X46.82063 Y24.71345
G01 X46.80025 Y24.72707
G01 X46.76238 Y24.75816
G01 X46.75329 Y24.76639
G01 X46.65342 Y24.86624
G01 X45.25911 Y26.26054
G01 X45.25245 Y26.26776
G01 X45.22698 Y26.29758
G01 X45.21545 Y26.31345
G01 X45.19495 Y26.34690
G01 X45.18603 Y26.36438
G01 X45.17102 Y26.40062
G01 X45.16495 Y26.41927
G01 X45.15581 Y26.45742
G01 X45.15273 Y26.47680
G01 X45.14966 Y26.51589
G01 X45.14928 Y26.52569
G01 X45.14928 Y34.40259
G01 X45.14481 Y34.40706
G01 X45.09505 Y34.46766
G01 X45.08776 Y34.47752
G01 X45.08144 Y34.48803
G01 X45.04448 Y34.55720
G01 X45.03925 Y34.56830
G01 X45.03511 Y34.57983
G01 X45.01235 Y34.65489
G01 X45.00755 Y34.67892
G01 X44.99988 Y34.75694
G01 X44.99988 Y34.78146
G01 X45.00755 Y34.85948
G01 X45.01235 Y34.88351
G01 X45.03511 Y34.95857
G01 X45.03925 Y34.97010
G01 X45.04448 Y34.98120
G01 X45.08144 Y35.05037
G01 X45.08776 Y35.06088
G01 X45.09505 Y35.07074
G01 X45.14481 Y35.13134
G01 X45.15304 Y35.14043
G01 X46.18888 Y36.17627
G01 X46.19797 Y36.18450
G01 X46.25857 Y36.23426
G01 X46.27894 Y36.24787
G01 X46.34811 Y36.28483
G01 X46.35921 Y36.29006
G01 X46.37074 Y36.29420
G01 X46.44580 Y36.31696
G01 X46.46983 Y36.32176
G01 X46.54785 Y36.32943
G01 X46.56012 Y36.33004
G01 X80.48093 Y36.33004
G01 X80.49318 Y36.32943
G01 X80.57121 Y36.32176
G01 X80.59523 Y36.31696
G01 X80.67029 Y36.29420
G01 X80.69292 Y36.28483
G01 X80.76209 Y36.24787
G01 X80.77260 Y36.24155
G01 X80.78246 Y36.23426
G01 X80.84306 Y36.18450
G01 X80.85215 Y36.17627
G01 X81.20265 Y35.82578
G01 X81.20930 Y35.81856
G01 X81.25007 Y35.77084
G01 X81.26160 Y35.75496
G01 X81.29439 Y35.70144
G01 X81.30331 Y35.68397
G01 X81.32731 Y35.62598
G01 X81.33338 Y35.60734
G01 X81.34804 Y35.54630
G01 X81.35111 Y35.52692
G01 X81.35604 Y35.46436
G01 X81.35642 Y35.45453
G01 X81.35642 Y16.12998
G01 X86.89997 Y16.12998
G01 X86.89997 Y19.52502
G01 X86.90058 Y19.53729
G01 X86.91018 Y19.63483
G01 X86.91496 Y19.65885
G01 X86.94343 Y19.75266
G01 X86.95280 Y19.77531
G01 X86.99901 Y19.86175
G01 X87.00530 Y19.87227
G01 X87.01262 Y19.88212
G01 X87.07480 Y19.95789
G01 X87.08303 Y19.96698
G01 X87.09212 Y19.97521
G01 X87.16789 Y20.03739
G01 X87.18826 Y20.05100
G01 X87.27470 Y20.09721
G01 X87.28580 Y20.10247
G01 X87.29735 Y20.10658
G01 X87.39116 Y20.13505
G01 X87.41518 Y20.13983
G01 X87.51272 Y20.14943
G01 X87.53723 Y20.14943
G01 X87.63477 Y20.13983
G01 X87.65880 Y20.13505
G01 X87.75260 Y20.10658
G01 X87.76416 Y20.10247
G01 X87.77525 Y20.09721
G01 X87.86169 Y20.05100
G01 X87.88206 Y20.03739
G01 X87.95783 Y19.97521
G01 X87.96692 Y19.96698
G01 X87.97515 Y19.95789
G01 X88.03733 Y19.88212
G01 X88.04465 Y19.87227
G01 X88.05095 Y19.86175
G01 X88.09715 Y19.77531
G01 X88.10652 Y19.75266
G01 X88.13500 Y19.65885
G01 X88.13977 Y19.63483
G01 X88.14937 Y19.53729
G01 X88.14998 Y19.52502
G01 X88.14998 Y15.50496
G01 X88.14937 Y15.49272
G01 X88.13977 Y15.39518
G01 X88.13500 Y15.37116
G01 X88.10652 Y15.27735
G01 X88.09715 Y15.25470
G01 X88.05095 Y15.16826
G01 X88.04465 Y15.15775
G01 X88.03733 Y15.14789
G01 X87.97515 Y15.07212
G01 X87.96692 Y15.06303
G01 X87.95783 Y15.05480
G01 X87.88206 Y14.99262
G01 X87.86169 Y14.97901
G01 X87.77525 Y14.93280
G01 X87.76416 Y14.92755
G01 X87.75260 Y14.92343
G01 X87.65880 Y14.89496
G01 X87.63477 Y14.89018
G01 X87.53723 Y14.88058
G01 X87.52499 Y14.87997
G01 X77.23989 Y14.87997
G01 X77.22763 Y14.88058
G01 X77.13009 Y14.89018
G01 X77.10606 Y14.89496
G01 X77.01226 Y14.92343
G01 X77.00070 Y14.92755
G01 X76.98960 Y14.93280
G01 X76.91996 Y14.97004
G01 X76.25483 Y14.97004
G01 X76.23311 Y14.97192
G01 X76.21208 Y14.97756
G01 X76.19232 Y14.98678
G01 X76.17447 Y14.99928
G01 X76.16994 Y15.00380
G01 X76.15907 Y15.01469
G01 X76.14658 Y15.03252
G01 X76.13736 Y15.05228
G01 X76.13261 Y15.07004
G01 X71.81925 Y15.07004
G01 X71.80699 Y15.07062
G01 X71.78702 Y15.07260
G01 X71.76706 Y15.07062
G01 X71.75481 Y15.07004
G01 X69.82274 Y15.07004
G01 X69.81047 Y15.07062
G01 X69.74219 Y15.07735
G01 X69.73005 Y15.07916
G01 X69.71817 Y15.08213
G01 X69.65251 Y15.10207
G01 X69.62985 Y15.11144
G01 X69.56935 Y15.14378
G01 X69.54898 Y15.15739
G01 X69.49594 Y15.20093
G01 X69.48685 Y15.20916
G01 X69.47862 Y15.21825
G01 X69.43508 Y15.27128
G01 X69.42777 Y15.28114
G01 X69.42147 Y15.29165
G01 X69.38913 Y15.35216
G01 X69.37976 Y15.37481
G01 X69.35982 Y15.44047
G01 X69.35685 Y15.45236
G01 X69.35505 Y15.46450
G01 X69.34832 Y15.53278
G01 X69.34832 Y15.55729
G01 X69.35505 Y15.62556
G01 X69.35685 Y15.63770
G01 X69.35982 Y15.64959
G01 X69.37976 Y15.71525
G01 X69.38913 Y15.73791
G01 X69.42147 Y15.79841
G01 X69.43508 Y15.81878
G01 X69.47862 Y15.87182
G01 X69.48685 Y15.88091
G01 X69.49594 Y15.88914
G01 X69.54898 Y15.93267
G01 X69.56935 Y15.94629
G01 X69.62985 Y15.97862
G01 X69.64095 Y15.98388
G01 X69.65251 Y15.98800
G01 X69.71817 Y16.00793
G01 X69.74219 Y16.01271
G01 X69.81047 Y16.01944
G01 X69.82274 Y16.02002
G01 X71.75481 Y16.02002
G01 X71.76706 Y16.01944
G01 X71.78702 Y16.01746
G01 X71.80699 Y16.01944
G01 X71.81925 Y16.02002
G01 X76.13261 Y16.02002
G01 X76.13736 Y16.03778
G01 X76.14658 Y16.05754
G01 X76.15907 Y16.07537
G01 X76.16997 Y16.08629
G01 X76.17447 Y16.09079
G01 X76.19232 Y16.10329
G01 X76.21208 Y16.11248
G01 X76.23311 Y16.11812
G01 X76.25483 Y16.12002
G01 X77.13276 Y16.12002
G01 X77.22763 Y16.12937
G01 X77.23987 Y16.12998
G01 X77.93504 Y16.12998
G01 X80.30641 Y16.12998
G01 X80.30641 Y35.23708
G01 X80.26346 Y35.28003
G01 X46.77757 Y35.28003
G01 X45.89927 Y34.40173
G01 X45.89927 Y27.27649
G01 X45.89927 Y26.68104
G01 X47.17379 Y25.40654
G01 X51.17929 Y25.40654
G01 X51.19153 Y25.40596
G01 X51.24030 Y25.40113
G01 X51.26433 Y25.39636
G01 X51.31124 Y25.38213
G01 X51.32278 Y25.37799
G01 X51.33387 Y25.37276
G01 X51.37711 Y25.34965
G01 X51.39748 Y25.33603
G01 X51.43535 Y25.30494
G01 X51.44444 Y25.29671
G01 X51.45267 Y25.28762
G01 X51.48376 Y25.24975
G01 X51.49737 Y25.22938
G01 X51.52049 Y25.18615
G01 X51.52986 Y25.16352
G01 X51.54409 Y25.11660
G01 X51.54886 Y25.09257
G01 X51.55369 Y25.04381
G01 X51.55427 Y25.03154
G01 X51.55427 Y23.49486
G01 X51.55369 Y23.48262
G01 X51.54886 Y23.43385
G01 X51.54409 Y23.40982
G01 X51.52986 Y23.36291
G01 X51.52049 Y23.34028
G01 X51.49737 Y23.29705
G01 X51.48376 Y23.27668
G01 X51.45267 Y23.23881
G01 X51.44444 Y23.22971
G01 X50.64051 Y22.42578
G01 X50.63141 Y22.41755
G01 X50.59354 Y22.38646
G01 X50.57317 Y22.37284
G01 X50.52994 Y22.34973
G01 X50.51884 Y22.34450
G01 X50.50731 Y22.34036
G01 X50.46039 Y22.32613
G01 X50.44851 Y22.32314
G01 X50.43637 Y22.32133
G01 X50.43563 Y22.32128
G01 X50.41389 Y22.31227
G01 X50.39512 Y22.30658
G01 X50.38323 Y22.30358
G01 X50.38122 Y22.30330
G01 X50.38021 Y22.30332
G01 X50.39456 Y22.29898
G01 X50.40350 Y22.29527
G01 X50.75496 Y22.29527
G01 X51.06900 Y22.29530
G01 X51.14050 Y22.31696
G01 X51.16453 Y22.32176
G01 X51.24256 Y22.32944
G01 X51.26707 Y22.32944
G01 X51.34510 Y22.32176
G01 X51.35724 Y22.31996
G01 X51.36913 Y22.31696
G01 X51.44419 Y22.29421
G01 X51.46682 Y22.28483
G01 X51.53598 Y22.24788
G01 X51.54650 Y22.24155
G01 X51.55635 Y22.23426
G01 X51.61696 Y22.18450
G01 X51.63428 Y22.16718
G01 X51.68404 Y22.10658
G01 X51.69133 Y22.09672
G01 X51.69765 Y22.08621
G01 X51.73461 Y22.01704
G01 X51.73984 Y22.00594
G01 X51.74398 Y21.99441
G01 X51.76674 Y21.91935
G01 X51.77154 Y21.89532
G01 X51.77921 Y21.81730
G01 X51.77982 Y21.80503
G01 X51.77982 Y14.68005
G01 X52.05630 Y14.68007
G01 X52.11127 Y14.70453
G01 X52.12348 Y14.70923
G01 X52.13613 Y14.71261
G01 X52.19748 Y14.72567
G01 X52.21040 Y14.72770
G01 X52.22346 Y14.72838
G01 X52.28617 Y14.72838
G01 X52.29925 Y14.72770
G01 X52.31218 Y14.72567
G01 X52.37352 Y14.71261
G01 X52.38615 Y14.70923
G01 X52.39836 Y14.70453
G01 X52.45567 Y14.67903
G01 X52.46732 Y14.67309
G01 X52.47830 Y14.66598
G01 X52.52905 Y14.62910
G01 X52.53921 Y14.62087
G01 X52.54845 Y14.61162
G01 X52.59041 Y14.56501
G01 X52.59867 Y14.55483
G01 X52.60578 Y14.54385
G01 X52.63715 Y14.48955
G01 X52.64309 Y14.47789
G01 X52.64777 Y14.46567
G01 X52.66715 Y14.40603
G01 X52.67055 Y14.39338
G01 X52.67258 Y14.38048
G01 X52.67914 Y14.31810
G01 X52.67982 Y14.30504
G01 X52.67914 Y14.29196
G01 X52.67258 Y14.22958
G01 X52.67055 Y14.21668
G01 X52.66715 Y14.20403
G01 X52.64777 Y14.14439
G01 X52.64309 Y14.13217
G01 X52.63715 Y14.12051
G01 X52.60578 Y14.06621
G01 X52.59867 Y14.05523
G01 X52.59041 Y14.04505
G01 X52.54845 Y13.99844
G01 X52.53921 Y13.98919
G01 X52.52905 Y13.98096
G01 X52.47830 Y13.94408
G01 X52.46732 Y13.93697
G01 X52.45567 Y13.93103
G01 X52.39836 Y13.90553
G01 X52.38615 Y13.90083
G01 X52.37352 Y13.89745
G01 X52.31218 Y13.88439
G01 X52.29925 Y13.88236
G01 X52.28617 Y13.88168
G01 X52.22346 Y13.88168
G01 X52.21040 Y13.88236
G01 X52.19748 Y13.88439
G01 X52.13613 Y13.89745
G01 X52.12348 Y13.90083
G01 X52.11127 Y13.90553
G01 X52.05617 Y13.93006
G01 X51.47573 Y13.93006
G01 X51.46349 Y13.93065
G01 X51.41472 Y13.93547
G01 X51.39069 Y13.94025
G01 X51.34381 Y13.95447
G01 X51.32115 Y13.96384
G01 X51.27794 Y13.98693
G01 X51.25757 Y14.00055
G01 X51.25694 Y14.00105
G01 X51.25483 Y14.00095
G01 X51.24256 Y14.00156
G01 X51.16453 Y14.00923
G01 X51.14050 Y14.01403
G01 X51.06634 Y14.03651
G01 X51.06545 Y14.03679
G01 X51.05392 Y14.04093
G01 X51.04282 Y14.04617
G01 X50.97365 Y14.08312
G01 X50.95328 Y14.09674
G01 X50.89268 Y14.14650
G01 X50.87535 Y14.16382
G01 X50.82560 Y14.22442
G01 X50.81198 Y14.24479
G01 X50.77502 Y14.31396
G01 X50.76979 Y14.32506
G01 X50.76565 Y14.33659
G01 X50.74289 Y14.41165
G01 X50.73809 Y14.43567
G01 X50.73042 Y14.51370
G01 X50.72981 Y14.52597
G01 X50.72981 Y19.06914
G01 X50.42908 Y19.06912
G01 X50.41874 Y19.06543
G01 X50.39997 Y19.05974
G01 X50.38808 Y19.05675
G01 X50.37594 Y19.05497
G01 X50.35643 Y19.05304
G01 X50.34419 Y19.05243
G01 X48.41719 Y19.05243
G01 X48.40492 Y19.05304
G01 X48.38542 Y19.05497
G01 X48.37328 Y19.05675
G01 X48.36139 Y19.05974
G01 X48.34262 Y19.06543
G01 X48.31999 Y19.07481
G01 X48.30269 Y19.08405
G01 X48.29217 Y19.09035
G01 X48.28232 Y19.09767
G01 X48.26718 Y19.11009
G01 X48.25809 Y19.11834
G01 X48.24983 Y19.12744
G01 X48.23741 Y19.14257
G01 X48.22380 Y19.16294
G01 X48.21455 Y19.18024
G01 X48.20932 Y19.19134
G01 X48.20518 Y19.20287
G01 X48.19949 Y19.22164
G01 X48.19649 Y19.23353
G01 X48.19471 Y19.24567
G01 X48.19278 Y19.26518
G01 X48.19217 Y19.27742
G01 X48.19217 Y19.61080
G01 X48.19278 Y19.62307
G01 X48.19471 Y19.64257
G01 X48.19649 Y19.65471
G01 X48.19949 Y19.66660
G01 X48.20518 Y19.68537
G01 X48.20932 Y19.69690
G01 X48.21455 Y19.70800
G01 X48.22380 Y19.72530
G01 X48.23741 Y19.74567
G01 X48.24983 Y19.76081
G01 X48.25809 Y19.76990
G01 X48.26718 Y19.77816
G01 X48.28232 Y19.79058
G01 X48.29217 Y19.79789
G01 X48.30269 Y19.80419
G01 X48.31999 Y19.81344
G01 X48.34262 Y19.82281
G01 X48.36139 Y19.82850
G01 X48.37328 Y19.83150
G01 X48.38542 Y19.83328
G01 X48.40492 Y19.83521
G01 X48.41719 Y19.83582
G01 X50.34419 Y19.83582
G01 X50.35643 Y19.83521
G01 X50.37594 Y19.83328
G01 X50.38808 Y19.83150
G01 X50.39997 Y19.82850
G01 X50.41874 Y19.82281
G01 X50.42763 Y19.81913
G01 X50.72981 Y19.81913
G01 X50.72981 Y19.93005
G01 X50.44955 Y19.93005
G01 X50.44554 Y19.92764
G01 X50.42824 Y19.91839
G01 X50.40561 Y19.90902
G01 X50.38684 Y19.90333
G01 X50.37495 Y19.90033
G01 X50.36281 Y19.89855
G01 X50.34330 Y19.89662
G01 X50.33106 Y19.89601
G01 X48.40406 Y19.89601
G01 X48.39179 Y19.89662
G01 X48.37229 Y19.89855
G01 X48.36014 Y19.90033
G01 X48.34826 Y19.90333
G01 X48.32949 Y19.90902
G01 X48.30686 Y19.91839
G01 X48.28956 Y19.92764
G01 X48.27904 Y19.93394
G01 X48.26919 Y19.94125
G01 X48.25405 Y19.95367
G01 X48.24496 Y19.96193
G01 X48.23670 Y19.97102
G01 X48.22428 Y19.98616
G01 X48.21067 Y20.00653
G01 X48.20142 Y20.02383
G01 X48.19619 Y20.03493
G01 X48.19205 Y20.04646
G01 X48.18636 Y20.06523
G01 X48.18336 Y20.07712
G01 X48.18158 Y20.08926
G01 X48.17965 Y20.10876
G01 X48.17904 Y20.12101
G01 X48.17904 Y20.45438
G01 X48.17965 Y20.46665
G01 X48.18158 Y20.48616
G01 X48.18336 Y20.49830
G01 X48.18636 Y20.51019
G01 X48.19205 Y20.52896
G01 X48.19619 Y20.54049
G01 X48.20142 Y20.55159
G01 X48.21067 Y20.56889
G01 X48.22428 Y20.58926
G01 X48.23670 Y20.60439
G01 X48.24496 Y20.61349
G01 X48.25405 Y20.62174
G01 X48.26919 Y20.63416
G01 X48.27904 Y20.64148
G01 X48.28956 Y20.64778
G01 X48.30686 Y20.65702
G01 X48.32949 Y20.66640
G01 X48.34826 Y20.67209
G01 X48.36014 Y20.67508
G01 X48.37229 Y20.67686
G01 X48.39179 Y20.67879
G01 X48.40406 Y20.67940
G01 X49.37172 Y20.67940
G01 X49.37505 Y20.67965
G01 X49.38488 Y20.68004
G01 X50.72981 Y20.68004
G01 X50.72981 Y20.70343
G01 X49.39443 Y20.70343
G01 X49.38460 Y20.70381
G01 X49.34549 Y20.70688
G01 X49.32611 Y20.70996
G01 X49.28793 Y20.71913
G01 X49.27932 Y20.72192
G01 X48.39573 Y20.72192
G01 X48.38349 Y20.72253
G01 X48.36398 Y20.72446
G01 X48.35184 Y20.72624
G01 X48.33995 Y20.72924
G01 X48.32118 Y20.73493
G01 X48.29855 Y20.74430
G01 X48.28125 Y20.75354
G01 X48.27074 Y20.75984
G01 X48.26088 Y20.76716
G01 X48.24574 Y20.77958
G01 X48.23665 Y20.78783
G01 X48.22839 Y20.79693
G01 X48.21597 Y20.81207
G01 X48.20236 Y20.83244
G01 X48.19311 Y20.84973
G01 X48.18788 Y20.86083
G01 X48.18374 Y20.87236
G01 X48.17805 Y20.89114
G01 X48.17505 Y20.90302
G01 X48.17328 Y20.91516
G01 X48.17135 Y20.93467
G01 X48.17074 Y20.94691
G01 X48.17074 Y21.28026
G01 X48.17135 Y21.29253
G01 X48.17328 Y21.31204
G01 X48.17505 Y21.32418
G01 X48.17805 Y21.33607
G01 X48.18374 Y21.35484
G01 X48.18788 Y21.36637
G01 X48.19311 Y21.37747
G01 X48.20236 Y21.39477
G01 X48.21597 Y21.41514
G01 X48.22839 Y21.43028
G01 X48.23665 Y21.43937
G01 X48.24574 Y21.44762
G01 X48.26088 Y21.46004
G01 X48.27074 Y21.46736
G01 X48.28125 Y21.47366
G01 X48.29855 Y21.48290
G01 X48.32118 Y21.49228
G01 X48.33995 Y21.49797
G01 X48.35184 Y21.50096
G01 X48.36398 Y21.50274
G01 X48.38349 Y21.50467
G01 X48.39576 Y21.50528
G01 X50.32278 Y21.50528
G01 X50.33502 Y21.50467
G01 X50.35453 Y21.50274
G01 X50.36667 Y21.50096
G01 X50.37856 Y21.49797
G01 X50.39733 Y21.49228
G01 X50.41996 Y21.48290
G01 X50.43725 Y21.47366
G01 X50.44777 Y21.46736
G01 X50.45763 Y21.46004
G01 X50.46570 Y21.45341
G01 X50.72981 Y21.45341
G01 X50.72981 Y21.54529
G01 X50.40345 Y21.54529
G01 X50.39456 Y21.54160
G01 X50.37579 Y21.53591
G01 X50.36390 Y21.53292
G01 X50.35176 Y21.53114
G01 X50.33225 Y21.52921
G01 X50.32001 Y21.52860
G01 X48.39301 Y21.52860
G01 X48.38074 Y21.52921
G01 X48.36124 Y21.53114
G01 X48.34910 Y21.53292
G01 X48.33721 Y21.53591
G01 X48.31844 Y21.54160
G01 X48.29581 Y21.55098
G01 X48.27851 Y21.56022
G01 X48.26799 Y21.56652
G01 X48.25814 Y21.57384
G01 X48.24300 Y21.58626
G01 X48.23391 Y21.59451
G01 X48.22565 Y21.60361
G01 X48.21323 Y21.61874
G01 X48.19962 Y21.63911
G01 X48.19037 Y21.65641
G01 X48.18514 Y21.66751
G01 X48.18100 Y21.67904
G01 X48.17531 Y21.69781
G01 X48.17231 Y21.70970
G01 X48.17053 Y21.72184
G01 X48.16860 Y21.74135
G01 X48.16799 Y21.75359
G01 X48.16799 Y22.08697
G01 X48.16860 Y22.09924
G01 X48.17053 Y22.11874
G01 X48.17231 Y22.13088
G01 X48.17531 Y22.14277
G01 X48.18100 Y22.16154
G01 X48.18514 Y22.17307
G01 X48.19037 Y22.18417
G01 X48.19962 Y22.20147
G01 X48.21323 Y22.22184
G01 X48.22565 Y22.23698
G01 X48.23391 Y22.24607
G01 X48.24300 Y22.25433
G01 X48.25814 Y22.26675
G01 X48.26799 Y22.27406
G01 X48.27851 Y22.28036
G01 X48.29581 Y22.28961
G01 X48.31844 Y22.29898
G01 X48.33721 Y22.30467
G01 X48.34910 Y22.30767
G01 X48.35123 Y22.30797
G01 X48.35684 Y22.30774
G01 X48.36139 Y22.30739
G01 X48.38097 Y22.30660
G01 X48.39299 Y22.30630
G01 X48.40063 Y22.30592
G01 X48.41234 Y22.30564
G01 X50.32001 Y22.30564
G01 X50.33172 Y22.30536
G01 X50.33934 Y22.30498
G01 X50.35115 Y22.30467
G01 X50.37094 Y22.30388
G01 X50.37546 Y22.30353
G01 X50.38021 Y22.30332
G01 X50.37546 Y22.30353
G01 X50.37094 Y22.30388
G01 X50.35115 Y22.30467
G01 X50.33934 Y22.30498
G01 X50.33172 Y22.30536
G01 X50.32001 Y22.30564
G01 X48.41234 Y22.30564
G01 X48.40063 Y22.30592
G01 X48.39299 Y22.30630
G01 X48.38097 Y22.30660
G01 X48.36139 Y22.30739
G01 X48.35684 Y22.30774
G01 X48.35202 Y22.30795
G01 X48.33777 Y22.31227
G01 X48.31514 Y22.32164
G01 X48.29784 Y22.33088
G01 X48.28732 Y22.33718
G01 X48.27747 Y22.34450
G01 X48.26233 Y22.35692
G01 X48.25324 Y22.36517
G01 X48.24498 Y22.37427
G01 X48.23256 Y22.38941
G01 X48.21895 Y22.40978
G01 X48.20970 Y22.42707
G01 X48.20447 Y22.43817
G01 X48.20033 Y22.44970
G01 X48.19464 Y22.46848
G01 X48.19164 Y22.48036
G01 X48.18986 Y22.49250
G01 X48.18793 Y22.51201
G01 X48.18732 Y22.52425
G01 X48.18732 Y22.85760
G01 X48.18793 Y22.86987
G01 X48.18986 Y22.88938
G01 X48.19164 Y22.90152
G01 X48.19464 Y22.91341
G01 X48.20033 Y22.93218
G01 X48.20447 Y22.94371
G01 X48.20970 Y22.95481
G01 X48.21895 Y22.97211
G01 X48.23256 Y22.99248
G01 X48.24498 Y23.00762
G01 X48.25324 Y23.01671
G01 X48.26233 Y23.02496
G01 X48.27747 Y23.03738
G01 X48.28732 Y23.04470
G01 X48.29784 Y23.05100
G01 X48.31514 Y23.06024
G01 X48.33777 Y23.06962
G01 X48.35654 Y23.07531
G01 X48.36842 Y23.07830
G01 X48.38057 Y23.08008
G01 X48.40007 Y23.08201
G01 X48.41234 Y23.08262
G01 X50.23667 Y23.08262
G01 X50.25725 Y23.10317
G01 X48.41785 Y23.10317
G01 X48.40559 Y23.10378
G01 X48.38608 Y23.10571
G01 X48.37394 Y23.10749
G01 X48.36205 Y23.11049
G01 X48.34328 Y23.11618
G01 X48.32065 Y23.12555
G01 X48.30335 Y23.13479
G01 X48.29283 Y23.14109
G01 X48.28298 Y23.14841
G01 X48.26784 Y23.16083
G01 X48.25875 Y23.16908
G01 X48.25049 Y23.17818
G01 X48.23807 Y23.19332
G01 X48.22446 Y23.21369
G01 X48.21521 Y23.23098
G01 X48.20998 Y23.24208
G01 X48.20584 Y23.25361
G01 X48.20015 Y23.27239
G01 X48.19715 Y23.28427
G01 X48.19537 Y23.29641
G01 X48.19344 Y23.31592
G01 X48.19283 Y23.32816
G01 X48.19283 Y23.66154
G01 X48.19344 Y23.67381
G01 X48.19537 Y23.69331
G01 X48.19715 Y23.70546
G01 X48.20015 Y23.71734
G01 X48.20584 Y23.73611
G01 X48.20998 Y23.74764
G01 X48.21521 Y23.75874
G01 X48.22446 Y23.77604
G01 X48.23807 Y23.79641
G01 X48.25049 Y23.81155
G01 X48.25875 Y23.82064
G01 X48.26784 Y23.82890
G01 X48.28298 Y23.84132
G01 X48.29283 Y23.84864
G01 X48.30335 Y23.85493
G01 X48.32065 Y23.86418
G01 X48.34328 Y23.87355
G01 X48.36205 Y23.87924
G01 X48.37394 Y23.88224
G01 X48.38608 Y23.88402
G01 X48.40559 Y23.88595
G01 X48.41785 Y23.88656
G01 X50.34488 Y23.88656
G01 X50.35712 Y23.88595
G01 X50.37663 Y23.88402
G01 X50.38877 Y23.88224
G01 X50.40065 Y23.87924
G01 X50.41942 Y23.87355
G01 X50.42831 Y23.86987
G01 X50.61803 Y23.86987
G01 X50.80429 Y23.86987
G01 X50.80429 Y24.65656
G01 X50.67919 Y24.65656
G01 X50.48381 Y24.65656
G01 X50.47144 Y24.66098
G01 X50.44841 Y24.66801
G01 X50.42880 Y24.67292
G01 X50.40792 Y24.67708
G01 X50.38833 Y24.67998
G01 X50.36865 Y24.68193
G01 X50.34904 Y24.68290
G01 X50.33934 Y24.68313
G01 X48.41234 Y24.68313
G01 X48.40261 Y24.68290
G01 X48.38300 Y24.68193
G01 X48.36329 Y24.67998
G01 X48.34371 Y24.67708
G01 X48.33093 Y24.67480
G01 X47.01847 Y24.67480
G01 X47.00798 Y24.67505
G01 X46.95895 Y24.67744
G01 X46.93726 Y24.67960
G01 X46.88827 Y24.68686
G01 X46.86449 Y24.69158
G01 X46.85890 Y24.69301
G01 X45.24184 Y24.69298
G01 X45.20498 Y24.73789
G01 X45.18766 Y24.75521
G01 X45.11189 Y24.81739
G01 X45.10204 Y24.82471
G01 X45.09152 Y24.83101
G01 X45.07153 Y24.84170
G01 X45.06081 Y24.86174
G01 X45.05451 Y24.87226
G01 X45.04720 Y24.88211
G01 X44.98502 Y24.95788
G01 X44.97679 Y24.96697
G01 X44.96770 Y24.97520
G01 X44.89998 Y25.03078
G01 X44.89998 Y29.87799
G01 X44.90729 Y29.89066
G01 X44.91324 Y29.90232
G01 X44.91794 Y29.91456
G01 X44.93732 Y29.97420
G01 X44.94069 Y29.98682
G01 X44.94275 Y29.99978
G01 X44.94931 Y30.06214
G01 X44.94999 Y30.07519
G01 X44.94931 Y30.08825
G01 X44.94275 Y30.15063
G01 X44.94069 Y30.16356
G01 X44.93732 Y30.17621
G01 X44.91794 Y30.23585
G01 X44.91324 Y30.24809
G01 X44.90729 Y30.25975
G01 X44.87595 Y30.31403
G01 X44.86881 Y30.32500
G01 X44.86058 Y30.33516
G01 X44.81862 Y30.38177
G01 X44.80938 Y30.39104
G01 X44.79919 Y30.39927
G01 X44.74847 Y30.43613
G01 X44.73749 Y30.44326
G01 X44.72584 Y30.44918
G01 X44.66853 Y30.47471
G01 X44.65632 Y30.47938
G01 X44.64369 Y30.48278
G01 X44.58233 Y30.49582
G01 X44.56942 Y30.49787
G01 X44.55634 Y30.49856
G01 X44.49363 Y30.49856
G01 X44.48057 Y30.49787
G01 X44.46765 Y30.49582
G01 X44.40630 Y30.48278
G01 X44.39366 Y30.47938
G01 X44.38144 Y30.47471
G01 X44.32414 Y30.44918
G01 X44.31248 Y30.44326
G01 X44.30150 Y30.43613
G01 X44.25078 Y30.39927
G01 X44.24059 Y30.39104
G01 X44.23135 Y30.38177
G01 X44.18939 Y30.33516
G01 X44.18116 Y30.32500
G01 X44.17402 Y30.31403
G01 X44.14268 Y30.25975
G01 X44.13673 Y30.24809
G01 X44.13204 Y30.23585
G01 X44.11265 Y30.17621
G01 X44.10928 Y30.16356
G01 X44.10722 Y30.15063
G01 X44.10067 Y30.08825
G01 X44.09998 Y30.07519
G01 X44.10067 Y30.06214
G01 X44.10722 Y29.99978
G01 X44.10928 Y29.98682
G01 X44.11265 Y29.97420
G01 X44.13204 Y29.91456
G01 X44.13673 Y29.90234
G01 X44.14268 Y29.89069
G01 X44.14999 Y29.87801
G01 X44.14999 Y25.15000
G01 X33.22581 Y25.15003
G01 X33.21120 Y25.17530
G01 X33.20409 Y25.18628
G01 X33.19586 Y25.19644
G01 X33.05596 Y25.35181
G01 X33.04671 Y25.36105
G01 X33.03655 Y25.36928
G01 X32.86741 Y25.49217
G01 X32.85644 Y25.49928
G01 X32.84478 Y25.50522
G01 X32.65380 Y25.59026
G01 X32.64158 Y25.59496
G01 X32.62896 Y25.59834
G01 X32.42446 Y25.64180
G01 X32.41154 Y25.64386
G01 X32.39848 Y25.64454
G01 X32.18941 Y25.64454
G01 X32.17636 Y25.64386
G01 X32.16343 Y25.64180
G01 X31.95893 Y25.59834
G01 X31.94631 Y25.59496
G01 X31.93409 Y25.59026
G01 X31.74311 Y25.50522
G01 X31.73145 Y25.49928
G01 X31.72048 Y25.49217
G01 X31.55134 Y25.36928
G01 X31.54118 Y25.36105
G01 X31.53191 Y25.35181
G01 X31.39203 Y25.19644
G01 X31.38380 Y25.18628
G01 X31.37666 Y25.17530
G01 X31.33988 Y25.11155
G01 X20.72634 Y25.11157
G01 X20.71174 Y25.13685
G01 X20.70462 Y25.14782
G01 X20.69639 Y25.15798
G01 X20.55649 Y25.31335
G01 X20.54725 Y25.32260
G01 X20.53709 Y25.33083
G01 X20.36795 Y25.45371
G01 X20.35697 Y25.46085
G01 X20.34532 Y25.46679
G01 X20.15433 Y25.55181
G01 X20.14212 Y25.55651
G01 X20.12949 Y25.55988
G01 X19.92500 Y25.60334
G01 X19.91207 Y25.60540
G01 X19.89901 Y25.60609
G01 X19.68995 Y25.60609
G01 X19.67689 Y25.60540
G01 X19.66396 Y25.60334
G01 X19.45947 Y25.55988
G01 X19.44684 Y25.55651
G01 X19.43462 Y25.55181
G01 X19.24364 Y25.46679
G01 X19.23198 Y25.46085
G01 X19.22101 Y25.45371
G01 X19.20199 Y25.43989
G01 X17.64878 Y25.43989
G01 X17.64878 Y30.30133
G01 X17.69587 Y30.35358
G01 X17.70410 Y30.36376
G01 X17.71121 Y30.37473
G01 X17.81576 Y30.55578
G01 X17.82167 Y30.56744
G01 X17.82637 Y30.57966
G01 X17.89096 Y30.77847
G01 X17.89437 Y30.79112
G01 X17.89640 Y30.80404
G01 X17.91827 Y31.01194
G01 X17.91896 Y31.02502
G01 X17.91827 Y31.03808
G01 X17.89640 Y31.24598
G01 X17.89437 Y31.25891
G01 X17.89096 Y31.27156
G01 X17.82637 Y31.47039
G01 X17.82167 Y31.48258
G01 X17.81576 Y31.49424
G01 X17.71121 Y31.67529
G01 X17.70410 Y31.68626
G01 X17.69584 Y31.69645
G01 X17.55594 Y31.85179
G01 X17.54672 Y31.86104
G01 X17.53656 Y31.86929
G01 X17.36742 Y31.99215
G01 X17.35645 Y31.99929
G01 X17.34479 Y32.00524
G01 X17.15381 Y32.09027
G01 X17.14159 Y32.09495
G01 X17.12894 Y32.09833
G01 X16.92447 Y32.14181
G01 X16.91154 Y32.14384
G01 X16.89849 Y32.14453
G01 X16.68942 Y32.14453
G01 X16.67636 Y32.14384
G01 X16.66343 Y32.14181
G01 X16.45894 Y32.09833
G01 X16.44629 Y32.09495
G01 X16.43410 Y32.09027
G01 X16.24311 Y32.00524
G01 X16.23146 Y31.99929
G01 X16.22048 Y31.99215
G01 X16.05134 Y31.86929
G01 X16.04118 Y31.86104
G01 X16.03191 Y31.85179
G01 X15.89204 Y31.69645
G01 X15.88381 Y31.68626
G01 X15.87667 Y31.67529
G01 X15.83989 Y31.61159
G01 X5.22632 Y31.61159
G01 X5.21174 Y31.63686
G01 X5.20463 Y31.64783
G01 X5.19640 Y31.65799
G01 X5.05650 Y31.81334
G01 X5.04725 Y31.82261
G01 X5.03709 Y31.83084
G01 X4.86795 Y31.95372
G01 X4.85698 Y31.96084
G01 X4.84532 Y31.96678
G01 X4.65434 Y32.05182
G01 X4.64212 Y32.05649
G01 X4.62947 Y32.05990
G01 X4.42503 Y32.10336
G01 X4.41210 Y32.10541
G01 X4.39904 Y32.10607
G01 X4.18998 Y32.10607
G01 X4.17692 Y32.10541
G01 X4.16399 Y32.10336
G01 X3.95950 Y32.05990
G01 X3.94685 Y32.05649
G01 X3.93466 Y32.05182
G01 X3.74367 Y31.96678
G01 X3.73201 Y31.96084
G01 X3.72104 Y31.95372
G01 X3.55190 Y31.83084
G01 X3.54174 Y31.82261
G01 X3.53247 Y31.81334
G01 X3.39259 Y31.65799
G01 X3.38436 Y31.64783
G01 X3.37723 Y31.63686
G01 X3.27271 Y31.45581
G01 X3.26676 Y31.44415
G01 X3.26206 Y31.43193
G01 X3.19747 Y31.23310
G01 X3.19409 Y31.22048
G01 X3.19204 Y31.20755
G01 X3.17019 Y30.99962
G01 X3.16951 Y30.98657
G01 X3.17019 Y30.97349
G01 X3.19204 Y30.76559
G01 X3.19409 Y30.75266
G01 X3.19747 Y30.74004
G01 X3.26206 Y30.54120
G01 X3.26676 Y30.52899
G01 X3.27271 Y30.51733
G01 X3.37723 Y30.33628
G01 X3.38436 Y30.32530
G01 X3.39259 Y30.31514
G01 X3.53247 Y30.15977
G01 X3.54174 Y30.15053
G01 X3.55190 Y30.14230
G01 X3.72104 Y30.01941
G01 X3.73201 Y30.01228
G01 X3.74367 Y30.00636
G01 X3.93466 Y29.92132
G01 X3.94685 Y29.91662
G01 X3.95950 Y29.91324
G01 X4.16399 Y29.86978
G01 X4.17692 Y29.86772
G01 X4.18998 Y29.86704
G01 X4.39904 Y29.86704
G01 X4.41210 Y29.86772
G01 X4.42503 Y29.86978
G01 X4.62947 Y29.91324
G01 X4.64212 Y29.91662
G01 X4.65434 Y29.92132
G01 X4.84532 Y30.00636
G01 X4.85698 Y30.01228
G01 X4.86795 Y30.01941
G01 X5.03709 Y30.14230
G01 X5.04725 Y30.15053
G01 X5.05650 Y30.15977
G01 X5.19640 Y30.31514
G01 X5.20463 Y30.32530
G01 X5.21174 Y30.33628
G01 X5.22637 Y30.36158
G01 X15.88556 Y30.36158
G01 X15.89204 Y30.35358
G01 X16.03191 Y30.19825
G01 X16.04118 Y30.18898
G01 X16.05134 Y30.18075
G01 X16.22048 Y30.05787
G01 X16.23146 Y30.05073
G01 X16.24311 Y30.04479
G01 X16.39877 Y29.97550
G01 X16.39877 Y24.81488
G01 X16.39938 Y24.80263
G01 X16.40898 Y24.70510
G01 X16.41375 Y24.68107
G01 X16.44223 Y24.58727
G01 X16.44634 Y24.57571
G01 X16.45160 Y24.56461
G01 X16.49780 Y24.47817
G01 X16.51141 Y24.45780
G01 X16.57359 Y24.38203
G01 X16.58182 Y24.37294
G01 X16.59092 Y24.36471
G01 X16.66668 Y24.30253
G01 X16.67654 Y24.29522
G01 X16.68706 Y24.28892
G01 X16.77349 Y24.24272
G01 X16.79615 Y24.23334
G01 X16.88995 Y24.20487
G01 X16.91398 Y24.20009
G01 X17.01152 Y24.19049
G01 X17.02376 Y24.18988
G01 X18.71375 Y24.18988
G01 X18.76206 Y24.04119
G01 X18.76673 Y24.02898
G01 X18.77268 Y24.01732
G01 X18.87720 Y23.83629
G01 X18.88433 Y23.82532
G01 X18.89256 Y23.81513
G01 X19.03247 Y23.65979
G01 X19.04171 Y23.65052
G01 X19.05187 Y23.64229
G01 X19.22101 Y23.51940
G01 X19.23198 Y23.51229
G01 X19.24364 Y23.50634
G01 X19.43462 Y23.42131
G01 X19.44684 Y23.41663
G01 X19.45947 Y23.41323
G01 X19.66396 Y23.36977
G01 X19.67689 Y23.36774
G01 X19.68995 Y23.36705
G01 X19.89901 Y23.36705
G01 X19.91207 Y23.36774
G01 X19.92500 Y23.36977
G01 X20.12949 Y23.41323
G01 X20.14212 Y23.41663
G01 X20.15433 Y23.42131
G01 X20.34532 Y23.50634
G01 X20.35697 Y23.51229
G01 X20.36795 Y23.51940
G01 X20.53709 Y23.64229
G01 X20.54725 Y23.65052
G01 X20.55649 Y23.65979
G01 X20.69639 Y23.81513
G01 X20.70462 Y23.82529
G01 X20.71174 Y23.83627
G01 X20.72634 Y23.86156
G01 X31.38558 Y23.86156
G01 X31.39203 Y23.85359
G01 X31.53191 Y23.69822
G01 X31.54118 Y23.68897
G01 X31.55134 Y23.68074
G01 X31.72048 Y23.55786
G01 X31.73145 Y23.55074
G01 X31.74311 Y23.54480
G01 X31.93409 Y23.45976
G01 X31.94631 Y23.45506
G01 X31.95893 Y23.45168
G01 X32.16343 Y23.40822
G01 X32.17636 Y23.40617
G01 X32.18941 Y23.40548
G01 X32.39848 Y23.40548
G01 X32.41154 Y23.40617
G01 X32.42446 Y23.40822
G01 X32.62896 Y23.45168
G01 X32.64158 Y23.45506
G01 X32.65380 Y23.45976
G01 X32.84478 Y23.54480
G01 X32.85644 Y23.55074
G01 X32.86741 Y23.55786
G01 X33.03655 Y23.68074
G01 X33.04671 Y23.68897
G01 X33.05596 Y23.69822
G01 X33.19586 Y23.85359
G01 X33.20409 Y23.86375
G01 X33.21120 Y23.87472
G01 X33.22583 Y23.90002
G01 X44.12980 Y23.90002
G01 X44.12980 Y14.80504
G01 X44.13041 Y14.79280
G01 X44.14001 Y14.69526
G01 X44.14181 Y14.68312
G01 X44.14479 Y14.67123
G01 X44.17326 Y14.57743
G01 X44.17737 Y14.56587
G01 X44.18263 Y14.55477
G01 X44.22883 Y14.46834
G01 X44.24245 Y14.44797
G01 X44.30463 Y14.37220
G01 X44.31286 Y14.36311
G01 X45.44994 Y13.22605
G01 X43.37390 Y11.15003
G01 X33.22581 Y11.15003
G01 X33.21120 Y11.17531
G01 X33.20409 Y11.18628
G01 X33.19586 Y11.19644
G01 X33.05596 Y11.35181
G01 X33.04671 Y11.36106
G01 X33.03655 Y11.36928
G01 X32.86741 Y11.49217
G01 X32.85644 Y11.49928
G01 X32.84478 Y11.50523
G01 X32.65380 Y11.59026
G01 X32.64158 Y11.59496
G01 X32.62896 Y11.59834
G01 X32.42446 Y11.64180
G01 X32.41154 Y11.64386
G01 X32.39848 Y11.64454
G01 X32.18941 Y11.64454
G01 X32.17636 Y11.64386
G01 X32.16343 Y11.64180
G01 X31.95893 Y11.59834
G01 X31.94631 Y11.59496
G01 X31.93409 Y11.59026
G01 X31.74311 Y11.50523
G01 X31.73145 Y11.49928
G01 X31.72048 Y11.49217
G01 X31.55134 Y11.36928
G01 X31.54118 Y11.36106
G01 X31.53191 Y11.35181
G01 X31.39203 Y11.19644
G01 X31.38380 Y11.18628
G01 X31.37666 Y11.17531
G01 X31.33988 Y11.11158
G01 X20.72634 Y11.11158
G01 X20.71174 Y11.13685
G01 X20.70462 Y11.14782
G01 X20.69639 Y11.15798
G01 X20.55649 Y11.31335
G01 X20.54725 Y11.32260
G01 X20.53709 Y11.33083
G01 X20.36795 Y11.45371
G01 X20.35697 Y11.46085
G01 X20.34532 Y11.46677
G01 X20.15433 Y11.55181
G01 X20.14212 Y11.55651
G01 X20.12949 Y11.55989
G01 X19.92500 Y11.60335
G01 X19.91207 Y11.60540
G01 X19.89901 Y11.60609
G01 X19.68995 Y11.60609
G01 X19.67689 Y11.60540
G01 X19.66396 Y11.60335
G01 X19.45947 Y11.55989
G01 X19.44684 Y11.55651
G01 X19.43462 Y11.55181
G01 X19.24364 Y11.46677
G01 X19.23198 Y11.46085
G01 X19.22101 Y11.45371
G01 X19.05187 Y11.33083
G01 X19.04171 Y11.32260
G01 X19.03247 Y11.31335
G01 X18.89256 Y11.15798
G01 X18.88433 Y11.14782
G01 X18.87720 Y11.13685
G01 X18.86262 Y11.11158
G01 X17.41893 Y11.11158
G01 X17.41893 Y16.09529
G01 X17.53651 Y16.18073
G01 X17.54672 Y16.18899
G01 X17.55594 Y16.19823
G01 X17.69584 Y16.35358
G01 X17.70410 Y16.36376
G01 X17.71121 Y16.37474
G01 X17.81576 Y16.55579
G01 X17.82167 Y16.56745
G01 X17.82637 Y16.57964
G01 X17.89096 Y16.77847
G01 X17.89437 Y16.79114
G01 X17.89640 Y16.80405
G01 X17.91827 Y17.01197
G01 X17.91896 Y17.02500
G01 X17.91827 Y17.03808
G01 X17.89640 Y17.24598
G01 X17.89437 Y17.25891
G01 X17.89096 Y17.27158
G01 X17.82637 Y17.47036
G01 X17.82167 Y17.48261
G01 X17.81576 Y17.49427
G01 X17.71121 Y17.67529
G01 X17.70410 Y17.68626
G01 X17.69584 Y17.69645
G01 X17.55594 Y17.85180
G01 X17.54672 Y17.86104
G01 X17.53656 Y17.86930
G01 X17.36742 Y17.99216
G01 X17.35645 Y17.99929
G01 X17.34479 Y18.00524
G01 X17.15381 Y18.09025
G01 X17.14159 Y18.09495
G01 X17.12894 Y18.09833
G01 X16.92447 Y18.14181
G01 X16.91154 Y18.14385
G01 X16.89849 Y18.14453
G01 X16.68942 Y18.14453
G01 X16.67636 Y18.14385
G01 X16.66343 Y18.14181
G01 X16.45894 Y18.09833
G01 X16.44629 Y18.09495
G01 X16.43410 Y18.09025
G01 X16.24311 Y18.00524
G01 X16.23146 Y17.99929
G01 X16.22048 Y17.99216
G01 X16.05134 Y17.86930
G01 X16.04118 Y17.86104
G01 X16.03191 Y17.85180
G01 X15.89204 Y17.69645
G01 X15.88381 Y17.68626
G01 X15.87667 Y17.67529
G01 X15.86206 Y17.65002
G01 X5.20285 Y17.65002
G01 X5.19640 Y17.65799
G01 X5.05650 Y17.81334
G01 X5.04725 Y17.82261
G01 X5.03709 Y17.83084
G01 X4.86795 Y17.95373
G01 X4.85698 Y17.96084
G01 X4.84532 Y17.96678
G01 X4.65434 Y18.05182
G01 X4.64212 Y18.05650
G01 X4.62947 Y18.05990
G01 X4.42503 Y18.10336
G01 X4.41210 Y18.10539
G01 X4.39904 Y18.10608
G01 X4.18998 Y18.10608
G01 X4.17692 Y18.10539
G01 X4.16399 Y18.10336
G01 X3.95950 Y18.05990
G01 X3.94685 Y18.05650
G01 X3.93466 Y18.05182
G01 X3.74367 Y17.96678
G01 X3.73201 Y17.96084
G01 X3.72104 Y17.95373
G01 X3.55190 Y17.83084
G01 X3.54174 Y17.82261
G01 X3.53247 Y17.81334
G01 X3.39259 Y17.65799
G01 X3.38436 Y17.64783
G01 X3.37723 Y17.63684
G01 X3.27271 Y17.45581
G01 X3.26676 Y17.44415
G01 X3.26206 Y17.43193
G01 X3.19747 Y17.23313
G01 X3.19409 Y17.22045
G01 X3.19204 Y17.20755
G01 X3.17019 Y16.99963
G01 X3.16951 Y16.98660
G01 X3.17019 Y16.97349
G01 X3.19204 Y16.76559
G01 X3.19409 Y16.75269
G01 X3.19747 Y16.74001
G01 X3.22150 Y16.66612
G01 X3.21766 Y16.65355
G01 X3.21469 Y16.64169
G01 X3.21289 Y16.62955
G01 X3.20329 Y16.53199
G01 X3.20329 Y16.50748
G01 X3.21289 Y16.40997
G01 X3.21766 Y16.38591
G01 X3.24614 Y16.29211
G01 X3.25025 Y16.28055
G01 X3.25551 Y16.26945
G01 X3.30171 Y16.18302
G01 X3.30801 Y16.17250
G01 X3.31533 Y16.16265
G01 X3.37751 Y16.08688
G01 X3.38574 Y16.07778
G01 X3.39483 Y16.06955
G01 X3.47060 Y16.00738
G01 X3.49097 Y15.99376
G01 X3.57740 Y15.94756
G01 X3.58850 Y15.94230
G01 X3.60006 Y15.93819
G01 X3.69386 Y15.90971
G01 X3.70575 Y15.90674
G01 X3.71789 Y15.90494
G01 X3.81543 Y15.89534
G01 X3.83994 Y15.89534
G01 X3.93747 Y15.90494
G01 X3.94962 Y15.90674
G01 X3.96150 Y15.90971
G01 X3.96750 Y15.91154
G01 X4.16399 Y15.86978
G01 X4.17692 Y15.86773
G01 X4.18998 Y15.86704
G01 X4.39904 Y15.86704
G01 X4.41210 Y15.86773
G01 X4.42503 Y15.86978
G01 X4.62947 Y15.91324
G01 X4.64212 Y15.91662
G01 X4.65434 Y15.92132
G01 X4.84532 Y16.00633
G01 X4.85698 Y16.01228
G01 X4.86795 Y16.01942
G01 X5.03709 Y16.14230
G01 X5.04725 Y16.15053
G01 X5.05650 Y16.15978
G01 X5.19640 Y16.31515
G01 X5.20463 Y16.32531
G01 X5.21174 Y16.33628
G01 X5.24855 Y16.40003
G01 X15.86206 Y16.40003
G01 X15.87667 Y16.37474
G01 X15.88381 Y16.36376
G01 X15.89204 Y16.35358
G01 X16.03191 Y16.19823
G01 X16.04118 Y16.18899
G01 X16.05134 Y16.18073
G01 X16.16895 Y16.09531
G01 X16.16892 Y10.54475
G01 X16.16953 Y10.53248
G01 X16.17913 Y10.43495
G01 X16.18391 Y10.41092
G01 X16.21238 Y10.31712
G01 X16.21650 Y10.30556
G01 X16.22175 Y10.29446
G01 X16.26796 Y10.20802
G01 X16.27426 Y10.19751
G01 X16.28157 Y10.18765
G01 X16.34375 Y10.11188
G01 X16.35198 Y10.10279
G01 X16.58182 Y9.87295
G01 X16.58988 Y9.86558
G01 X16.65663 Y9.80955
G01 X16.67448 Y9.79705
G01 X16.74997 Y9.75349
G01 X16.76971 Y9.74427
G01 X16.85162 Y9.71447
G01 X16.87268 Y9.70884
G01 X16.95851 Y9.69370
G01 X16.98022 Y9.69179
G01 X17.06737 Y9.69179
G01 X17.08909 Y9.69370
G01 X17.17491 Y9.70884
G01 X17.19597 Y9.71447
G01 X17.27786 Y9.74429
G01 X17.29762 Y9.75349
G01 X17.37308 Y9.79708
G01 X17.39094 Y9.80960
G01 X17.45287 Y9.86157
G01 X18.86262 Y9.86157
G01 X18.87720 Y9.83627
G01 X18.88433 Y9.82530
G01 X18.89256 Y9.81514
G01 X19.03247 Y9.65979
G01 X19.04171 Y9.65052
G01 X19.05187 Y9.64229
G01 X19.22101 Y9.51940
G01 X19.23198 Y9.51229
G01 X19.24364 Y9.50635
G01 X19.43462 Y9.42131
G01 X19.44684 Y9.41663
G01 X19.45947 Y9.41323
G01 X19.66396 Y9.36977
G01 X19.67689 Y9.36771
G01 X19.68995 Y9.36705
G01 X19.89901 Y9.36705
G01 X19.91207 Y9.36771
G01 X19.92500 Y9.36977
G01 X20.12949 Y9.41323
G01 X20.14212 Y9.41663
G01 X20.15433 Y9.42131
G01 X20.34532 Y9.50635
G01 X20.35697 Y9.51229
G01 X20.36795 Y9.51940
G01 X20.53709 Y9.64229
G01 X20.54725 Y9.65052
G01 X20.55649 Y9.65979
G01 X20.69639 Y9.81514
G01 X20.70462 Y9.82530
G01 X20.71174 Y9.83627
G01 X20.72634 Y9.86157
G01 X31.38555 Y9.86157
G01 X31.39203 Y9.85359
G01 X31.53191 Y9.69822
G01 X31.54118 Y9.68897
G01 X31.55134 Y9.68074
G01 X31.72048 Y9.55786
G01 X31.73145 Y9.55075
G01 X31.74311 Y9.54480
G01 X31.93409 Y9.45976
G01 X31.94631 Y9.45506
G01 X31.95893 Y9.45169
G01 X32.16343 Y9.40823
G01 X32.17636 Y9.40617
G01 X32.18941 Y9.40548
G01 X32.39848 Y9.40548
G01 X32.41154 Y9.40617
G01 X32.42446 Y9.40823
G01 X32.62896 Y9.45169
G01 X32.64158 Y9.45506
G01 X32.65380 Y9.45976
G01 X32.84478 Y9.54480
G01 X32.85644 Y9.55075
G01 X32.86741 Y9.55786
G01 X33.03655 Y9.68074
G01 X33.04671 Y9.68897
G01 X33.05596 Y9.69822
G01 X33.19586 Y9.85359
G01 X33.20409 Y9.86375
G01 X33.21120 Y9.87472
G01 X33.22581 Y9.90002
G01 X43.63280 Y9.90002
G01 X43.64504 Y9.90063
G01 X43.74258 Y9.91023
G01 X43.76661 Y9.91501
G01 X43.86041 Y9.94348
G01 X43.88304 Y9.95285
G01 X43.96950 Y9.99906
G01 X43.98987 Y10.01267
G01 X44.06564 Y10.07485
G01 X44.07473 Y10.08308
G01 X46.59271 Y12.60103
G01 X55.75480 Y12.60103
G01 X55.76704 Y12.60164
G01 X55.86455 Y12.61124
G01 X55.88860 Y12.61602
G01 X55.98241 Y12.64449
G01 X55.99396 Y12.64861
G01 X56.00504 Y12.65386
G01 X56.09147 Y12.70007
G01 X56.11187 Y12.71368
G01 X56.18764 Y12.77586
G01 X56.19673 Y12.78409
G01 X56.20493 Y12.79318
G01 X56.26714 Y12.86895
G01 X56.27445 Y12.87881
G01 X56.28075 Y12.88932
G01 X56.32696 Y12.97576
G01 X56.33630 Y12.99842
G01 X56.36480 Y13.09222
G01 X56.36955 Y13.11625
G01 X56.37915 Y13.21378
G01 X56.37979 Y13.22602
G01 X56.37979 Y13.68005
G01 X59.25481 Y13.68005
G01 X59.26706 Y13.68066
G01 X59.36459 Y13.69026
G01 X59.38862 Y13.69504
G01 X59.40506 Y13.70004
G01 X60.25484 Y13.70004
G01 X60.27653 Y13.70192
G01 X60.29759 Y13.70756
G01 X60.31732 Y13.71678
G01 X60.33518 Y13.72928
G01 X60.35057 Y13.74469
G01 X60.36307 Y13.76252
G01 X60.37229 Y13.78228
G01 X60.37793 Y13.80332
G01 X60.37983 Y13.82503
G01 X60.37983 Y14.72503
G01 X60.37793 Y14.74675
G01 X60.37229 Y14.76778
G01 X60.36307 Y14.78754
G01 X60.35057 Y14.80537
G01 X60.33965 Y14.81629
G01 X60.33518 Y14.82079
G01 X60.31732 Y14.83329
G01 X60.29759 Y14.84248
G01 X60.27653 Y14.84812
G01 X60.25484 Y14.85002
G01 X59.55596 Y14.85002
G01 X59.50508 Y14.87723
G01 X59.49398 Y14.88249
G01 X59.48242 Y14.88660
G01 X59.38862 Y14.91507
G01 X59.36459 Y14.91985
G01 X59.26706 Y14.92945
G01 X59.25481 Y14.93006
G01 X55.75480 Y14.93006
G01 X55.74253 Y14.92945
G01 X55.64497 Y14.91985
G01 X55.62096 Y14.91507
G01 X55.52714 Y14.88660
G01 X55.51560 Y14.88249
G01 X55.50450 Y14.87723
G01 X55.41804 Y14.83103
G01 X55.39770 Y14.81741
G01 X55.32193 Y14.75523
G01 X55.31281 Y14.74700
G01 X55.30458 Y14.73791
G01 X55.24243 Y14.66214
G01 X55.22881 Y14.64177
G01 X55.18261 Y14.55533
G01 X55.17324 Y14.53268
G01 X55.14476 Y14.43887
G01 X55.13999 Y14.41485
G01 X55.13039 Y14.31731
G01 X55.12978 Y14.30504
G01 X55.12978 Y13.85104
G01 X46.59271 Y13.85104
G01 X45.37981 Y15.06394
G01 X45.37981 Y23.94300
G01 X48.13904 Y23.94297
G01 X48.32890 Y23.94300
G01 X48.33777 Y23.93931
G01 X48.35654 Y23.93362
G01 X48.36842 Y23.93063
G01 X48.38057 Y23.92885
G01 X48.40007 Y23.92692
G01 X48.41234 Y23.92631
G01 X50.33934 Y23.92631
G01 X50.35158 Y23.92692
G01 X50.37109 Y23.92885
G01 X50.38323 Y23.93063
G01 X50.39512 Y23.93362
G01 X50.41389 Y23.93931
G01 X50.43652 Y23.94869
G01 X50.45382 Y23.95793
G01 X50.46433 Y23.96423
G01 X50.47419 Y23.97155
G01 X50.48933 Y23.98397
G01 X50.49842 Y23.99222
G01 X50.50667 Y24.00131
G01 X50.51909 Y24.01645
G01 X50.53271 Y24.03682
G01 X50.54195 Y24.05412
G01 X50.54719 Y24.06522
G01 X50.55133 Y24.07675
G01 X50.55702 Y24.09552
G01 X50.56001 Y24.10741
G01 X50.56179 Y24.11955
G01 X50.56372 Y24.13906
G01 X50.56433 Y24.15130
G01 X50.56433 Y24.48468
G01 X50.56372 Y24.49694
G01 X50.56179 Y24.51645
G01 X50.56001 Y24.52859
G01 X50.55702 Y24.54048
G01 X50.55133 Y24.55925
G01 X50.54719 Y24.57078
G01 X50.54195 Y24.58188
G01 X50.53271 Y24.59918
G01 X50.51909 Y24.61955
G01 X50.50667 Y24.63469
G01 X50.49842 Y24.64378
G01 X50.48933 Y24.65204
G01 X50.48381 Y24.65656
G04 P0 ( dwell for no time -- G64 should not smooth over this point )
G00 Z4.00000 ( retract )

G00 X54.50636 Y26.75183 ( rapid move to begin. )
G01 F20.00000
( Mill infeed pass 1/1 )
G01 Z-0.01800
G04 P0 ( dwell for no time -- G64 should not smooth over this point )
G01 F40.00000
G01 X54.50636 Y26.75183
G01 X54.50705 Y26.73875
G01 X54.51360 Y26.67639
G01 X54.51566 Y26.66346
G01 X54.51903 Y26.65081
G01 X54.53842 Y26.59117
G01 X54.54311 Y26.57896
G01 X54.54906 Y26.56730
G01 X54.55635 Y26.55467
G01 X54.55635 Y26.12849
G01 X54.55693 Y26.11625
G01 X54.56176 Y26.06748
G01 X54.56653 Y26.04345
G01 X54.58076 Y25.99654
G01 X54.59013 Y25.97390
G01 X54.61324 Y25.93067
G01 X54.62686 Y25.91030
G01 X54.65795 Y25.87243
G01 X54.66618 Y25.86334
G01 X54.98965 Y25.53987
G01 X54.99874 Y25.53164
G01 X55.03661 Y25.50055
G01 X55.05698 Y25.48694
G01 X55.10021 Y25.46382
G01 X55.11131 Y25.45859
G01 X55.12284 Y25.45445
G01 X55.16976 Y25.44022
G01 X55.19379 Y25.43545
G01 X55.24255 Y25.43062
G01 X55.25482 Y25.43004
G01 X58.62982 Y25.43004
G01 X58.62982 Y25.25503
G01 X58.63173 Y25.23332
G01 X58.63737 Y25.21228
G01 X58.64656 Y25.19252
G01 X58.65906 Y25.17469
G01 X58.66995 Y25.16380
G01 X58.67448 Y25.15928
G01 X58.69233 Y25.14678
G01 X58.71207 Y25.13756
G01 X58.73312 Y25.13192
G01 X58.75482 Y25.13004
G01 X60.25484 Y25.13004
G01 X60.27922 Y25.13243
G01 X60.30267 Y25.13954
G01 X60.32428 Y25.15110
G01 X60.34320 Y25.16664
G01 X60.35875 Y25.18559
G01 X60.37031 Y25.20720
G01 X60.37742 Y25.23065
G01 X60.37983 Y25.25503
G01 X60.37983 Y26.15503
G01 X60.37742 Y26.17942
G01 X60.37031 Y26.20286
G01 X60.35875 Y26.22447
G01 X60.34320 Y26.24342
G01 X60.33970 Y26.24629
G01 X60.32428 Y26.25897
G01 X60.30267 Y26.27053
G01 X60.27922 Y26.27764
G01 X60.25484 Y26.28002
G01 X58.75482 Y26.28002
G01 X58.73312 Y26.27812
G01 X58.71207 Y26.27248
G01 X58.69233 Y26.26329
G01 X58.67448 Y26.25079
G01 X58.65906 Y26.23537
G01 X58.64656 Y26.21754
G01 X58.63737 Y26.19778
G01 X58.63262 Y26.18002
G01 X55.41012 Y26.18002
G01 X55.30633 Y26.28383
G01 X55.30633 Y26.55460
G01 X55.31367 Y26.56730
G01 X55.31959 Y26.57896
G01 X55.32432 Y26.59117
G01 X55.34370 Y26.65081
G01 X55.34707 Y26.66346
G01 X55.34913 Y26.67639
G01 X55.35566 Y26.73875
G01 X55.35637 Y26.75183
G01 X55.35566 Y26.76489
G01 X55.34913 Y26.82727
G01 X55.34707 Y26.84020
G01 X55.34370 Y26.85282
G01 X55.32432 Y26.91248
G01 X55.31959 Y26.92468
G01 X55.31367 Y26.93634
G01 X55.28231 Y26.99067
G01 X55.27519 Y27.00164
G01 X55.26696 Y27.01180
G01 X55.22500 Y27.05841
G01 X55.21573 Y27.06765
G01 X55.20557 Y27.07588
G01 X55.15485 Y27.11276
G01 X55.14387 Y27.11988
G01 X55.13222 Y27.12582
G01 X55.07491 Y27.15135
G01 X55.06270 Y27.15602
G01 X55.05005 Y27.15940
G01 X54.98871 Y27.17245
G01 X54.97578 Y27.17449
G01 X54.96272 Y27.17517
G01 X54.90001 Y27.17517
G01 X54.88693 Y27.17449
G01 X54.87403 Y27.17245
G01 X54.81266 Y27.15940
G01 X54.80004 Y27.15602
G01 X54.78782 Y27.15135
G01 X54.73052 Y27.12582
G01 X54.71886 Y27.11988
G01 X54.70788 Y27.11276
G01 X54.65716 Y27.07588
G01 X54.64697 Y27.06765
G01 X54.63773 Y27.05841
G01 X54.59577 Y27.01180
G01 X54.58754 Y27.00164
G01 X54.58040 Y26.99067
G01 X54.54906 Y26.93634
G01 X54.54311 Y26.92468
G01 X54.53842 Y26.91248
G01 X54.51903 Y26.85282
G01 X54.51566 Y26.84020
G01 X54.51360 Y26.82727
G01 X54.50705 Y26.76489
G01 X54.50636 Y26.75183
G04 P0 ( dwell for no time -- G64 should not smooth over this point )
G00 Z4.00000 ( retract )

G00 X58.62982 Y30.33503 ( rapid move to begin. )
G01 F20.00000
( Mill infeed pass 1/1 )
G01 Z-0.01800
G04 P0 ( dwell for no time -- G64 should not smooth over this point )
G01 F40.00000
G01 X58.62982 Y30.33503
G01 X58.63223 Y30.31065
G01 X58.63935 Y30.28720
G01 X58.65090 Y30.26559
G01 X58.66645 Y30.24664
G01 X58.66990 Y30.24380
G01 X58.68537 Y30.23112
G01 X58.70699 Y30.21954
G01 X58.73043 Y30.21243
G01 X58.75482 Y30.21004
G01 X60.25484 Y30.21004
G01 X60.27922 Y30.21243
G01 X60.30267 Y30.21954
G01 X60.32428 Y30.23112
G01 X60.34320 Y30.24664
G01 X60.35875 Y30.26559
G01 X60.37031 Y30.28720
G01 X60.37742 Y30.31065
G01 X60.37983 Y30.33503
G01 X60.37983 Y31.23503
G01 X60.37742 Y31.25942
G01 X60.37031 Y31.28286
G01 X60.35875 Y31.30447
G01 X60.34320 Y31.32342
G01 X60.32428 Y31.33897
G01 X60.30267 Y31.35053
G01 X60.27922 Y31.35764
G01 X60.25484 Y31.36002
G01 X58.75482 Y31.36002
G01 X58.73043 Y31.35764
G01 X58.70699 Y31.35053
G01 X58.68537 Y31.33897
G01 X58.66645 Y31.32342
G01 X58.65090 Y31.30447
G01 X58.63935 Y31.28286
G01 X58.63223 Y31.25942
G01 X58.62982 Y31.23503
G01 X58.62982 Y30.33503
G04 P0 ( dwell for no time -- G64 should not smooth over this point )
G00 Z4.00000 ( retract )

G00 X58.62982 Y27.79503 ( rapid move to begin. )
G01 F20.00000
( Mill infeed pass 1/1 )
G01 Z-0.01800
G04 P0 ( dwell for no time -- G64 should not smooth over this point )
G01 F40.00000
G01 X58.62982 Y27.79503
G01 X58.62982 Y28.69503
G01 X58.63223 Y28.71942
G01 X58.63935 Y28.74286
G01 X58.65090 Y28.76447
G01 X58.66645 Y28.78342
G01 X58.66995 Y28.78629
G01 X58.68537 Y28.79897
G01 X58.70699 Y28.81052
G01 X58.73043 Y28.81764
G01 X58.75482 Y28.82002
G01 X60.25484 Y28.82002
G01 X60.27922 Y28.81764
G01 X60.30267 Y28.81052
G01 X60.32428 Y28.79897
G01 X60.34320 Y28.78342
G01 X60.35875 Y28.76447
G01 X60.37031 Y28.74286
G01 X60.37742 Y28.71942
G01 X60.37983 Y28.69503
G01 X60.37983 Y27.79503
G01 X60.37742 Y27.77065
G01 X60.37031 Y27.74720
G01 X60.35875 Y27.72559
G01 X60.34320 Y27.70664
G01 X60.32428 Y27.69110
G01 X60.30267 Y27.67954
G01 X60.27922 Y27.67243
G01 X60.25484 Y27.67004
G01 X58.75482 Y27.67004
G01 X58.73043 Y27.67243
G01 X58.70699 Y27.67954
G01 X58.68537 Y27.69110
G01 X58.66990 Y27.70380
G01 X58.66645 Y27.70664
G01 X58.65090 Y27.72559
G01 X58.63935 Y27.74720
G01 X58.63223 Y27.77065
G01 X58.62982 Y27.79503
G01 X58.62982 Y27.42503
G01 X58.63223 Y27.44942
G01 X58.63935 Y27.47286
G01 X58.65090 Y27.49447
G01 X58.66645 Y27.51342
G01 X58.68537 Y27.52897
G01 X58.70699 Y27.54052
G01 X58.73043 Y27.54764
G01 X58.75482 Y27.55002
G01 X60.25484 Y27.55002
G01 X60.27922 Y27.54764
G01 X60.30267 Y27.54052
G01 X60.32428 Y27.52897
G01 X60.34320 Y27.51342
G01 X60.35875 Y27.49447
G01 X60.37031 Y27.47286
G01 X60.37742 Y27.44942
G01 X60.37983 Y27.42503
G01 X60.37983 Y26.52503
G01 X60.37742 Y26.50065
G01 X60.37031 Y26.47720
G01 X60.35875 Y26.45559
G01 X60.34320 Y26.43664
G01 X60.32428 Y26.42110
G01 X60.30267 Y26.40954
G01 X60.27922 Y26.40243
G01 X60.25484 Y26.40004
G01 X58.75482 Y26.40004
G01 X58.73043 Y26.40243
G01 X58.70699 Y26.40954
G01 X58.68537 Y26.42110
G01 X58.66990 Y26.43380
G01 X58.66645 Y26.43664
G01 X58.65090 Y26.45559
G01 X58.63935 Y26.47720
G01 X58.63223 Y26.50065
G01 X58.62982 Y26.52503
G01 X58.62982 Y27.42503
G04 P0 ( dwell for no time -- G64 should not smooth over this point )
G00 Z4.00000 ( retract )

G00 X63.50058 Y24.51277 ( rapid move to begin. )
G01 F20.00000
( Mill infeed pass 1/1 )
G01 Z-0.01800
G04 P0 ( dwell for no time -- G64 should not smooth over this point )
G01 F40.00000
G01 X63.50058 Y24.51277
G01 X63.50058 Y24.53728
G01 X63.50825 Y24.61531
G01 X63.51305 Y24.63934
G01 X63.53581 Y24.71439
G01 X63.53995 Y24.72593
G01 X63.54518 Y24.73703
G01 X63.58214 Y24.80619
G01 X63.58846 Y24.81671
G01 X63.59575 Y24.82656
G01 X63.64551 Y24.88716
G01 X63.65374 Y24.89626
G01 X68.63389 Y29.87641
G01 X68.65373 Y29.89625
G01 X68.66282 Y29.90448
G01 X68.72343 Y29.95424
G01 X68.74380 Y29.96785
G01 X68.81296 Y30.00481
G01 X68.82406 Y30.01007
G01 X68.83559 Y30.01418
G01 X68.91065 Y30.03694
G01 X68.93468 Y30.04174
G01 X69.01271 Y30.04941
G01 X69.03722 Y30.04941
G01 X69.11525 Y30.04174
G01 X69.13927 Y30.03694
G01 X69.21433 Y30.01418
G01 X69.23696 Y30.00481
G01 X69.24593 Y30.00001
G01 X72.82575 Y30.00001
G01 X73.39893 Y30.00001
G01 X74.48448 Y31.08555
G01 X74.49357 Y31.09378
G01 X74.53904 Y31.13109
G01 X74.55941 Y31.14471
G01 X74.61127 Y31.17245
G01 X74.62235 Y31.17768
G01 X74.63390 Y31.18182
G01 X74.69019 Y31.19889
G01 X74.71422 Y31.20366
G01 X74.77274 Y31.20943
G01 X74.78501 Y31.21004
G01 X76.12984 Y31.21004
G01 X76.12984 Y31.23503
G01 X76.13223 Y31.25942
G01 X76.13934 Y31.28286
G01 X76.15089 Y31.30447
G01 X76.16644 Y31.32342
G01 X76.18539 Y31.33897
G01 X76.20698 Y31.35053
G01 X76.23045 Y31.35764
G01 X76.25483 Y31.36002
G01 X77.75483 Y31.36002
G01 X77.77921 Y31.35764
G01 X77.80266 Y31.35053
G01 X77.82427 Y31.33897
G01 X77.84322 Y31.32342
G01 X77.85876 Y31.30447
G01 X77.87032 Y31.28286
G01 X77.87743 Y31.25942
G01 X77.87982 Y31.23503
G01 X77.87982 Y30.33503
G01 X77.87743 Y30.31065
G01 X77.87032 Y30.28720
G01 X77.85876 Y30.26559
G01 X77.84322 Y30.24664
G01 X77.82427 Y30.23112
G01 X77.80266 Y30.21954
G01 X77.77921 Y30.21243
G01 X77.75483 Y30.21004
G01 X76.25483 Y30.21004
G01 X76.23045 Y30.21243
G01 X76.20698 Y30.21954
G01 X76.18539 Y30.23112
G01 X76.16989 Y30.24380
G01 X76.16644 Y30.24664
G01 X76.15089 Y30.26559
G01 X76.13934 Y30.28720
G01 X76.13223 Y30.31065
G01 X76.12984 Y30.33503
G01 X76.12984 Y30.36003
G01 X74.96103 Y30.36003
G01 X73.97325 Y29.37225
G01 X73.96794 Y29.35480
G01 X73.96383 Y29.34324
G01 X73.95857 Y29.33214
G01 X73.92624 Y29.27164
G01 X73.91262 Y29.25127
G01 X73.86909 Y29.19823
G01 X73.86086 Y29.18914
G01 X73.85176 Y29.18091
G01 X73.79873 Y29.13737
G01 X73.77836 Y29.12376
G01 X73.71785 Y29.09142
G01 X73.70675 Y29.08617
G01 X73.69520 Y29.08205
G01 X73.62954 Y29.06211
G01 X73.60551 Y29.05734
G01 X73.53723 Y29.05061
G01 X73.52499 Y29.05002
G01 X69.29241 Y29.05002
G01 X64.49996 Y24.25758
G01 X64.49996 Y19.22180
G01 X66.25597 Y17.46582
G01 X66.26420 Y17.45670
G01 X66.30773 Y17.40366
G01 X66.32135 Y17.38329
G01 X66.35368 Y17.32279
G01 X66.36305 Y17.30013
G01 X66.38299 Y17.23450
G01 X66.38597 Y17.22259
G01 X66.38777 Y17.21045
G01 X66.39450 Y17.14217
G01 X66.39508 Y17.12990
G01 X66.39508 Y3.52500
G01 X66.39450 Y3.51276
G01 X66.38777 Y3.44448
G01 X66.38597 Y3.43234
G01 X66.38299 Y3.42046
G01 X66.36305 Y3.35480
G01 X66.35368 Y3.33214
G01 X66.32135 Y3.27164
G01 X66.31505 Y3.26112
G01 X66.30773 Y3.25127
G01 X66.26420 Y3.19823
G01 X66.25597 Y3.18914
G01 X66.24688 Y3.18091
G01 X66.19384 Y3.13737
G01 X66.17347 Y3.12376
G01 X66.11297 Y3.09142
G01 X66.09031 Y3.08205
G01 X66.02465 Y3.06211
G01 X66.01276 Y3.05914
G01 X66.00062 Y3.05734
G01 X65.93235 Y3.05061
G01 X65.90784 Y3.05061
G01 X65.83956 Y3.05734
G01 X65.82742 Y3.05914
G01 X65.81553 Y3.06211
G01 X65.74987 Y3.08205
G01 X65.72722 Y3.09142
G01 X65.66671 Y3.12376
G01 X65.64634 Y3.13737
G01 X65.59331 Y3.18091
G01 X65.58421 Y3.18914
G01 X65.57599 Y3.19823
G01 X65.53245 Y3.25127
G01 X65.52513 Y3.26112
G01 X65.51884 Y3.27164
G01 X65.48650 Y3.33214
G01 X65.47713 Y3.35480
G01 X65.45719 Y3.42046
G01 X65.45422 Y3.43234
G01 X65.45241 Y3.44448
G01 X65.44568 Y3.51276
G01 X65.44510 Y3.52503
G01 X65.44510 Y16.93315
G01 X63.68910 Y18.68916
G01 X63.68087 Y18.69825
G01 X63.63733 Y18.75129
G01 X63.62372 Y18.77166
G01 X63.59138 Y18.83216
G01 X63.58201 Y18.85482
G01 X63.56207 Y18.92048
G01 X63.55910 Y18.93236
G01 X63.55729 Y18.94450
G01 X63.55056 Y19.01278
G01 X63.54998 Y19.02502
G01 X63.54998 Y24.30406
G01 X63.54518 Y24.31302
G01 X63.53581 Y24.33565
G01 X63.51305 Y24.41071
G01 X63.51005 Y24.42260
G01 X63.50825 Y24.43474
G01 X63.50058 Y24.51277
G04 P0 ( dwell for no time -- G64 should not smooth over this point )
G00 Z4.00000 ( retract )

G00 X64.50482 Y31.28502 ( rapid move to begin. )
G01 F20.00000
( Mill infeed pass 1/1 )
G01 Z-0.01800
G04 P0 ( dwell for no time -- G64 should not smooth over this point )
G01 F40.00000
G01 X64.50482 Y31.28502
G01 X64.50723 Y31.26063
G01 X64.51434 Y31.23719
G01 X64.52590 Y31.21557
G01 X64.54144 Y31.19665
G01 X64.56039 Y31.18111
G01 X64.58198 Y31.16955
G01 X64.60545 Y31.16244
G01 X64.62984 Y31.16003
G01 X65.52983 Y31.16003
G01 X65.55422 Y31.16244
G01 X65.57766 Y31.16955
G01 X65.59928 Y31.18111
G01 X65.61823 Y31.19665
G01 X65.63377 Y31.21557
G01 X65.64530 Y31.23719
G01 X65.65241 Y31.26063
G01 X65.65483 Y31.28502
G01 X65.65483 Y32.78504
G01 X65.65241 Y32.80942
G01 X65.64530 Y32.83287
G01 X65.63377 Y32.85448
G01 X65.61823 Y32.87341
G01 X65.59928 Y32.88895
G01 X65.57766 Y32.90051
G01 X65.55422 Y32.90762
G01 X65.52983 Y32.91003
G01 X64.62984 Y32.91003
G01 X64.60545 Y32.90762
G01 X64.58198 Y32.90051
G01 X64.56039 Y32.88895
G01 X64.54144 Y32.87341
G01 X64.53857 Y32.86993
G01 X64.52590 Y32.85448
G01 X64.51434 Y32.83287
G01 X64.50723 Y32.80942
G01 X64.50482 Y32.78504
G01 X64.50482 Y31.28502
G04 P0 ( dwell for no time -- G64 should not smooth over this point )
G00 Z4.00000 ( retract )

G00 X65.77482 Y31.28502 ( rapid move to begin. )
G01 F20.00000
( Mill infeed pass 1/1 )
G01 Z-0.01800
G04 P0 ( dwell for no time -- G64 should not smooth over this point )
G01 F40.00000
G01 X65.77482 Y31.28502
G01 X65.77723 Y31.26063
G01 X65.78434 Y31.23719
G01 X65.79590 Y31.21557
G01 X65.81144 Y31.19665
G01 X65.83039 Y31.18111
G01 X65.85198 Y31.16955
G01 X65.87545 Y31.16244
G01 X65.89984 Y31.16003
G01 X66.34494 Y31.16003
G01 X66.79983 Y31.16003
G01 X66.82422 Y31.16244
G01 X66.84766 Y31.16955
G01 X66.86928 Y31.18111
G01 X66.88823 Y31.19665
G01 X66.90377 Y31.21557
G01 X66.91530 Y31.23719
G01 X66.92241 Y31.26063
G01 X66.92483 Y31.28502
G01 X66.92483 Y32.78504
G01 X66.92241 Y32.80942
G01 X66.91530 Y32.83287
G01 X66.90377 Y32.85448
G01 X66.88823 Y32.87341
G01 X66.86928 Y32.88895
G01 X66.84766 Y32.90051
G01 X66.82422 Y32.90762
G01 X66.79983 Y32.91003
G01 X65.89984 Y32.91003
G01 X65.87545 Y32.90762
G01 X65.85198 Y32.90051
G01 X65.83039 Y32.88895
G01 X65.81144 Y32.87341
G01 X65.79590 Y32.85448
G01 X65.78434 Y32.83287
G01 X65.77723 Y32.80942
G01 X65.77482 Y32.78504
G01 X65.77482 Y31.28502
G04 P0 ( dwell for no time -- G64 should not smooth over this point )
G00 Z4.00000 ( retract )

G00 X67.04482 Y31.28502 ( rapid move to begin. )
G01 F20.00000
( Mill infeed pass 1/1 )
G01 Z-0.01800
G04 P0 ( dwell for no time -- G64 should not smooth over this point )
G01 F40.00000
G01 X67.04482 Y31.28502
G01 X67.04723 Y31.26063
G01 X67.05434 Y31.23719
G01 X67.06590 Y31.21557
G01 X67.08144 Y31.19665
G01 X67.10039 Y31.18111
G01 X67.12198 Y31.16955
G01 X67.14545 Y31.16244
G01 X67.16984 Y31.16003
G01 X68.06983 Y31.16003
G01 X68.09422 Y31.16244
G01 X68.11766 Y31.16955
G01 X68.13928 Y31.18111
G01 X68.14085 Y31.18240
G01 X68.15823 Y31.19665
G01 X68.16107 Y31.20013
G01 X68.17377 Y31.21557
G01 X68.18530 Y31.23719
G01 X68.19241 Y31.26063
G01 X68.19483 Y31.28502
G01 X68.19483 Y32.78504
G01 X68.19241 Y32.80942
G01 X68.18530 Y32.83287
G01 X68.17377 Y32.85448
G01 X68.15823 Y32.87341
G01 X68.13928 Y32.88895
G01 X68.11766 Y32.90051
G01 X68.09422 Y32.90762
G01 X68.06983 Y32.91003
G01 X67.16984 Y32.91003
G01 X67.14545 Y32.90762
G01 X67.12198 Y32.90051
G01 X67.10039 Y32.88895
G01 X67.08144 Y32.87341
G01 X67.07857 Y32.86993
G01 X67.06590 Y32.85448
G01 X67.05434 Y32.83287
G01 X67.04723 Y32.80942
G01 X67.04482 Y32.78504
G01 X67.04482 Y31.28502
G04 P0 ( dwell for no time -- G64 should not smooth over this point )
G00 Z4.00000 ( retract )

G00 X68.31482 Y31.28502 ( rapid move to begin. )
G01 F20.00000
( Mill infeed pass 1/1 )
G01 Z-0.01800
G04 P0 ( dwell for no time -- G64 should not smooth over this point )
G01 F40.00000
G01 X68.31482 Y31.28502
G01 X68.31723 Y31.26063
G01 X68.32434 Y31.23719
G01 X68.33590 Y31.21557
G01 X68.34857 Y31.20013
G01 X68.35144 Y31.19665
G01 X68.37039 Y31.18111
G01 X68.39198 Y31.16955
G01 X68.41545 Y31.16244
G01 X68.43984 Y31.16003
G01 X69.33983 Y31.16003
G01 X69.36422 Y31.16244
G01 X69.38766 Y31.16955
G01 X69.40928 Y31.18111
G01 X69.42823 Y31.19665
G01 X69.44377 Y31.21557
G01 X69.45530 Y31.23719
G01 X69.46241 Y31.26063
G01 X69.46483 Y31.28502
G01 X69.46483 Y32.78504
G01 X69.46241 Y32.80942
G01 X69.45530 Y32.83287
G01 X69.44377 Y32.85448
G01 X69.42823 Y32.87341
G01 X69.40928 Y32.88895
G01 X69.38766 Y32.90051
G01 X69.36422 Y32.90762
G01 X69.33983 Y32.91003
G01 X68.43984 Y32.91003
G01 X68.41545 Y32.90762
G01 X68.39198 Y32.90051
G01 X68.37039 Y32.88895
G01 X68.35144 Y32.87341
G01 X68.34857 Y32.86993
G01 X68.33590 Y32.85448
G01 X68.32434 Y32.83287
G01 X68.31723 Y32.80942
G01 X68.31482 Y32.78504
G01 X68.31482 Y31.28502
G04 P0 ( dwell for no time -- G64 should not smooth over this point )
G00 Z4.00000 ( retract )

G00 X69.58482 Y31.28502 ( rapid move to begin. )
G01 F20.00000
( Mill infeed pass 1/1 )
G01 Z-0.01800
G04 P0 ( dwell for no time -- G64 should not smooth over this point )
G01 F40.00000
G01 X69.58482 Y31.28502
G01 X69.58723 Y31.26063
G01 X69.59434 Y31.23719
G01 X69.60590 Y31.21557
G01 X69.62144 Y31.19665
G01 X69.64039 Y31.18111
G01 X69.66198 Y31.16955
G01 X69.68545 Y31.16244
G01 X69.70984 Y31.16003
G01 X70.60983 Y31.16003
G01 X70.63422 Y31.16244
G01 X70.65766 Y31.16955
G01 X70.67928 Y31.18111
G01 X70.69823 Y31.19665
G01 X70.71377 Y31.21557
G01 X70.72530 Y31.23719
G01 X70.73241 Y31.26063
G01 X70.73483 Y31.28502
G01 X70.73483 Y32.78504
G01 X70.73241 Y32.80942
G01 X70.72530 Y32.83287
G01 X70.71377 Y32.85448
G01 X70.69823 Y32.87341
G01 X70.67928 Y32.88895
G01 X70.65766 Y32.90051
G01 X70.63422 Y32.90762
G01 X70.60983 Y32.91003
G01 X69.70984 Y32.91003
G01 X69.68545 Y32.90762
G01 X69.66198 Y32.90051
G01 X69.64039 Y32.88895
G01 X69.62144 Y32.87341
G01 X69.61857 Y32.86993
G01 X69.60590 Y32.85448
G01 X69.59434 Y32.83287
G01 X69.58723 Y32.80942
G01 X69.58482 Y32.78504
G01 X69.58482 Y31.28502
G04 P0 ( dwell for no time -- G64 should not smooth over this point )
G00 Z4.00000 ( retract )

G00 X70.85482 Y31.28502 ( rapid move to begin. )
G01 F20.00000
( Mill infeed pass 1/1 )
G01 Z-0.01800
G04 P0 ( dwell for no time -- G64 should not smooth over this point )
G01 F40.00000
G01 X70.85482 Y31.28502
G01 X70.85723 Y31.26063
G01 X70.86434 Y31.23719
G01 X70.87590 Y31.21557
G01 X70.89144 Y31.19665
G01 X70.91039 Y31.18111
G01 X70.93198 Y31.16955
G01 X70.95545 Y31.16244
G01 X70.97984 Y31.16003
G01 X71.87983 Y31.16003
G01 X71.90422 Y31.16244
G01 X71.92766 Y31.16955
G01 X71.94928 Y31.18111
G01 X71.96823 Y31.19665
G01 X71.98377 Y31.21557
G01 X71.99530 Y31.23719
G01 X72.00241 Y31.26063
G01 X72.00483 Y31.28502
G01 X72.00483 Y32.78504
G01 X72.00241 Y32.80942
G01 X71.99530 Y32.83287
G01 X71.98377 Y32.85448
G01 X71.96823 Y32.87341
G01 X71.94928 Y32.88895
G01 X71.92766 Y32.90051
G01 X71.90422 Y32.90762
G01 X71.87983 Y32.91003
G01 X70.97984 Y32.91003
G01 X70.95545 Y32.90762
G01 X70.93198 Y32.90051
G01 X70.91039 Y32.88895
G01 X70.89144 Y32.87341
G01 X70.88857 Y32.86993
G01 X70.87590 Y32.85448
G01 X70.86434 Y32.83287
G01 X70.85723 Y32.80942
G01 X70.85482 Y32.78504
G01 X70.85482 Y31.28502
G04 P0 ( dwell for no time -- G64 should not smooth over this point )
G00 Z4.00000 ( retract )

G00 X73.39482 Y31.28502 ( rapid move to begin. )
G01 F20.00000
( Mill infeed pass 1/1 )
G01 Z-0.01800
G04 P0 ( dwell for no time -- G64 should not smooth over this point )
G01 F40.00000
G01 X73.39482 Y31.28502
G01 X73.39482 Y32.78504
G01 X73.39723 Y32.80942
G01 X73.40434 Y32.83287
G01 X73.41590 Y32.85448
G01 X73.42857 Y32.86993
G01 X73.43144 Y32.87341
G01 X73.45039 Y32.88895
G01 X73.47198 Y32.90051
G01 X73.49545 Y32.90762
G01 X73.51984 Y32.91003
G01 X74.41983 Y32.91003
G01 X74.44422 Y32.90762
G01 X74.46766 Y32.90051
G01 X74.48928 Y32.88895
G01 X74.50823 Y32.87341
G01 X74.52377 Y32.85448
G01 X74.53530 Y32.83287
G01 X74.54241 Y32.80942
G01 X74.54483 Y32.78504
G01 X74.54483 Y31.28502
G01 X74.54241 Y31.26063
G01 X74.53530 Y31.23719
G01 X74.52377 Y31.21557
G01 X74.50823 Y31.19665
G01 X74.48928 Y31.18111
G01 X74.46766 Y31.16955
G01 X74.44422 Y31.16244
G01 X74.41983 Y31.16003
G01 X74.31394 Y31.16003
G01 X73.51984 Y31.16003
G01 X73.49545 Y31.16244
G01 X73.47198 Y31.16955
G01 X73.45039 Y31.18111
G01 X73.43144 Y31.19665
G01 X73.41590 Y31.21557
G01 X73.40434 Y31.23719
G01 X73.39723 Y31.26063
G01 X73.39482 Y31.28502
G04 P0 ( dwell for no time -- G64 should not smooth over this point )
G00 Z4.00000 ( retract )

G00 X81.77151 Y26.80349 ( rapid move to begin. )
G01 F20.00000
( Mill infeed pass 1/1 )
G01 Z-0.01800
G04 P0 ( dwell for no time -- G64 should not smooth over this point )
G01 F40.00000
G01 X81.77151 Y26.80349
G01 X81.77151 Y37.18084
G01 X81.77189 Y37.19067
G01 X81.77621 Y37.24541
G01 X81.77925 Y37.26479
G01 X81.79208 Y37.31820
G01 X81.79815 Y37.33685
G01 X81.81916 Y37.38760
G01 X81.82807 Y37.40507
G01 X81.85678 Y37.45188
G01 X81.86831 Y37.46776
G01 X81.90397 Y37.50952
G01 X81.91062 Y37.51673
G01 X82.97013 Y38.57622
G01 X82.97590 Y38.63481
G01 X82.98067 Y38.65884
G01 X83.00915 Y38.75264
G01 X83.01852 Y38.77530
G01 X83.06472 Y38.86174
G01 X83.07102 Y38.87225
G01 X83.07834 Y38.88211
G01 X83.14052 Y38.95788
G01 X83.14875 Y38.96697
G01 X83.15784 Y38.97520
G01 X83.23361 Y39.03738
G01 X83.25398 Y39.05099
G01 X83.34041 Y39.09719
G01 X83.35151 Y39.10245
G01 X83.36307 Y39.10657
G01 X83.45687 Y39.13504
G01 X83.48090 Y39.13982
G01 X83.57844 Y39.14942
G01 X83.59071 Y39.15003
G01 X108.02500 Y39.15003
G01 X108.03724 Y39.14942
G01 X108.13478 Y39.13982
G01 X108.15881 Y39.13504
G01 X108.25261 Y39.10657
G01 X108.27524 Y39.09719
G01 X108.36170 Y39.05099
G01 X108.37222 Y39.04469
G01 X108.38207 Y39.03738
G01 X108.45784 Y38.97520
G01 X108.47516 Y38.95788
G01 X108.53734 Y38.88211
G01 X108.55091 Y38.86174
G01 X108.59716 Y38.77530
G01 X108.60239 Y38.76420
G01 X108.60653 Y38.75264
G01 X108.63500 Y38.65884
G01 X108.63798 Y38.64695
G01 X108.63978 Y38.63481
G01 X108.64936 Y38.53728
G01 X108.64999 Y38.52501
G01 X108.64999 Y32.28392
G01 X116.00426 Y24.92961
G01 X116.00774 Y24.93497
G01 X116.01597 Y24.94515
G01 X116.04264 Y24.97474
G01 X116.05188 Y24.98399
G01 X116.06204 Y24.99222
G01 X116.09427 Y25.01564
G01 X116.10525 Y25.02275
G01 X116.11691 Y25.02869
G01 X116.15328 Y25.04490
G01 X116.16550 Y25.04960
G01 X116.17812 Y25.05298
G01 X116.21708 Y25.06126
G01 X116.23001 Y25.06331
G01 X116.24307 Y25.06397
G01 X116.25236 Y25.06397
G01 X116.26298 Y25.06504
G01 X117.78698 Y25.06504
G01 X117.79762 Y25.06397
G01 X117.80689 Y25.06397
G01 X117.81998 Y25.06331
G01 X117.83288 Y25.06126
G01 X117.87184 Y25.05298
G01 X117.88449 Y25.04960
G01 X117.89671 Y25.04490
G01 X117.93308 Y25.02869
G01 X117.94474 Y25.02275
G01 X117.95571 Y25.01564
G01 X117.98792 Y24.99222
G01 X117.99811 Y24.98399
G01 X118.00735 Y24.97474
G01 X118.03400 Y24.94515
G01 X118.04223 Y24.93497
G01 X118.04936 Y24.92399
G01 X118.06928 Y24.88950
G01 X118.07522 Y24.87784
G01 X118.07989 Y24.86565
G01 X118.09221 Y24.82775
G01 X118.09559 Y24.81513
G01 X118.09765 Y24.80220
G01 X118.10181 Y24.76260
G01 X118.10250 Y24.74952
G01 X118.10250 Y23.86052
G01 X118.10181 Y23.84747
G01 X118.09765 Y23.80787
G01 X118.09559 Y23.79494
G01 X118.09221 Y23.78229
G01 X118.07989 Y23.74442
G01 X118.07522 Y23.73220
G01 X118.06928 Y23.72054
G01 X118.04936 Y23.68605
G01 X118.04223 Y23.67508
G01 X118.03400 Y23.66492
G01 X118.00735 Y23.63533
G01 X117.99811 Y23.62608
G01 X117.98792 Y23.61783
G01 X117.95571 Y23.59443
G01 X117.94474 Y23.58729
G01 X117.93308 Y23.58135
G01 X117.89671 Y23.56517
G01 X117.88449 Y23.56047
G01 X117.87184 Y23.55709
G01 X117.83288 Y23.54881
G01 X117.81998 Y23.54676
G01 X117.80689 Y23.54607
G01 X117.79757 Y23.54607
G01 X117.78698 Y23.54503
G01 X116.26298 Y23.54503
G01 X116.25239 Y23.54607
G01 X116.24307 Y23.54607
G01 X116.23001 Y23.54676
G01 X116.21708 Y23.54881
G01 X116.17812 Y23.55709
G01 X116.16550 Y23.56047
G01 X116.15328 Y23.56517
G01 X116.11691 Y23.58135
G01 X116.10525 Y23.58729
G01 X116.09427 Y23.59443
G01 X116.06204 Y23.61783
G01 X116.05188 Y23.62608
G01 X116.04264 Y23.63533
G01 X116.01597 Y23.66492
G01 X116.00774 Y23.67508
G01 X116.00062 Y23.68605
G01 X115.98071 Y23.72054
G01 X115.97820 Y23.72547
G01 X115.97258 Y23.72349
G01 X115.87878 Y23.69502
G01 X115.85475 Y23.69024
G01 X115.75722 Y23.68064
G01 X115.74495 Y23.68003
G01 X115.73270 Y23.68064
G01 X115.63517 Y23.69024
G01 X115.62303 Y23.69204
G01 X115.61114 Y23.69502
G01 X115.51734 Y23.72349
G01 X115.50578 Y23.72760
G01 X115.49468 Y23.73286
G01 X115.40825 Y23.77906
G01 X115.38787 Y23.79268
G01 X115.31211 Y23.85486
G01 X115.30301 Y23.86309
G01 X107.58301 Y31.58309
G01 X107.57478 Y31.59218
G01 X107.51263 Y31.66795
G01 X107.49902 Y31.68832
G01 X107.45276 Y31.77478
G01 X107.44341 Y31.79741
G01 X107.41497 Y31.89121
G01 X107.41017 Y31.91524
G01 X107.40059 Y32.01278
G01 X107.39998 Y32.02502
G01 X107.39998 Y37.90002
G01 X83.63744 Y37.90002
G01 X82.72149 Y36.98409
G01 X82.72149 Y26.80352
G01 X82.72091 Y26.79125
G01 X82.71418 Y26.72298
G01 X82.71237 Y26.71083
G01 X82.70940 Y26.69895
G01 X82.68946 Y26.63329
G01 X82.68009 Y26.61063
G01 X82.64776 Y26.55013
G01 X82.63414 Y26.52976
G01 X82.59061 Y26.47672
G01 X82.58238 Y26.46763
G01 X82.57328 Y26.45940
G01 X82.52025 Y26.41586
G01 X82.49988 Y26.40225
G01 X82.43938 Y26.36992
G01 X82.42828 Y26.36466
G01 X82.41672 Y26.36054
G01 X82.35106 Y26.34060
G01 X82.32703 Y26.33583
G01 X82.25876 Y26.32910
G01 X82.23424 Y26.32910
G01 X82.16597 Y26.33583
G01 X82.14194 Y26.34060
G01 X82.07628 Y26.36054
G01 X82.06473 Y26.36466
G01 X82.05363 Y26.36992
G01 X81.99312 Y26.40225
G01 X81.97275 Y26.41586
G01 X81.91972 Y26.45940
G01 X81.91062 Y26.46763
G01 X81.90239 Y26.47672
G01 X81.85886 Y26.52976
G01 X81.84524 Y26.55013
G01 X81.81291 Y26.61063
G01 X81.80354 Y26.63329
G01 X81.78360 Y26.69895
G01 X81.78063 Y26.71083
G01 X81.77882 Y26.72298
G01 X81.77209 Y26.79125
G01 X81.77151 Y26.80349
G04 P0 ( dwell for no time -- G64 should not smooth over this point )
G00 Z4.00000 ( retract )

G00 X83.04999 Y28.02500 ( rapid move to begin. )
G01 F20.00000
( Mill infeed pass 1/1 )
G01 Z-0.01800
G04 P0 ( dwell for no time -- G64 should not smooth over this point )
G01 F40.00000
G01 X83.04999 Y28.02500
G01 X83.04999 Y36.02501
G01 X83.05058 Y36.03728
G01 X83.05731 Y36.10556
G01 X83.06208 Y36.12959
G01 X83.08200 Y36.19524
G01 X83.09139 Y36.21788
G01 X83.12373 Y36.27840
G01 X83.13734 Y36.29878
G01 X83.18088 Y36.35181
G01 X83.18911 Y36.36090
G01 X83.77514 Y36.94693
G01 X83.78090 Y37.00556
G01 X83.78568 Y37.02958
G01 X83.81415 Y37.12339
G01 X83.82352 Y37.14604
G01 X83.86973 Y37.23248
G01 X83.87602 Y37.24299
G01 X83.88334 Y37.25285
G01 X83.94552 Y37.32862
G01 X83.95375 Y37.33771
G01 X83.96284 Y37.34594
G01 X84.03861 Y37.40812
G01 X84.05898 Y37.42173
G01 X84.14542 Y37.46794
G01 X84.15652 Y37.47320
G01 X84.16807 Y37.47731
G01 X84.26188 Y37.50578
G01 X84.28590 Y37.51056
G01 X84.38344 Y37.52016
G01 X84.39571 Y37.52077
G01 X106.52498 Y37.52077
G01 X106.53722 Y37.52016
G01 X106.63476 Y37.51056
G01 X106.65878 Y37.50578
G01 X106.75259 Y37.47731
G01 X106.77522 Y37.46794
G01 X106.86168 Y37.42173
G01 X106.87219 Y37.41544
G01 X106.88205 Y37.40812
G01 X106.95782 Y37.34594
G01 X106.97514 Y37.32862
G01 X107.03732 Y37.25285
G01 X107.05088 Y37.23248
G01 X107.09714 Y37.14604
G01 X107.10237 Y37.13494
G01 X107.10651 Y37.12339
G01 X107.13498 Y37.02958
G01 X107.13795 Y37.01770
G01 X107.13976 Y37.00556
G01 X107.14933 Y36.90802
G01 X107.14997 Y36.89575
G01 X107.14997 Y31.06394
G01 X117.14886 Y21.06502
G01 X117.78698 Y21.06502
G01 X117.79757 Y21.06398
G01 X117.80689 Y21.06398
G01 X117.81998 Y21.06330
G01 X117.83288 Y21.06126
G01 X117.87184 Y21.05298
G01 X117.88449 Y21.04958
G01 X117.89671 Y21.04491
G01 X117.93308 Y21.02870
G01 X117.94474 Y21.02276
G01 X117.95571 Y21.01565
G01 X117.98792 Y20.99223
G01 X117.99811 Y20.98400
G01 X118.00735 Y20.97475
G01 X118.03400 Y20.94514
G01 X118.04223 Y20.93498
G01 X118.04936 Y20.92400
G01 X118.06928 Y20.88951
G01 X118.07522 Y20.87785
G01 X118.07989 Y20.86563
G01 X118.09221 Y20.82776
G01 X118.09559 Y20.81514
G01 X118.09765 Y20.80221
G01 X118.10181 Y20.76259
G01 X118.10250 Y20.74953
G01 X118.10250 Y19.86053
G01 X118.10181 Y19.84747
G01 X118.09765 Y19.80785
G01 X118.09559 Y19.79492
G01 X118.09221 Y19.78230
G01 X118.07989 Y19.74443
G01 X118.07522 Y19.73221
G01 X118.06928 Y19.72055
G01 X118.04936 Y19.68606
G01 X118.04223 Y19.67508
G01 X118.03400 Y19.66492
G01 X118.00735 Y19.63531
G01 X117.99811 Y19.62606
G01 X117.98792 Y19.61783
G01 X117.95571 Y19.59441
G01 X117.94474 Y19.58730
G01 X117.93308 Y19.58136
G01 X117.89671 Y19.56515
G01 X117.88449 Y19.56048
G01 X117.87184 Y19.55708
G01 X117.83288 Y19.54880
G01 X117.81998 Y19.54676
G01 X117.80689 Y19.54608
G01 X117.79760 Y19.54608
G01 X117.78698 Y19.54504
G01 X116.26298 Y19.54504
G01 X116.25239 Y19.54608
G01 X116.24307 Y19.54608
G01 X116.23001 Y19.54676
G01 X116.21708 Y19.54880
G01 X116.17812 Y19.55708
G01 X116.16550 Y19.56048
G01 X116.15328 Y19.56515
G01 X116.11691 Y19.58136
G01 X116.10525 Y19.58730
G01 X116.09427 Y19.59441
G01 X116.06204 Y19.61783
G01 X116.05188 Y19.62606
G01 X116.04264 Y19.63531
G01 X116.01597 Y19.66492
G01 X116.00774 Y19.67508
G01 X116.00062 Y19.68606
G01 X115.98071 Y19.72055
G01 X115.97477 Y19.73221
G01 X115.97007 Y19.74443
G01 X115.95777 Y19.78230
G01 X115.95437 Y19.79492
G01 X115.95234 Y19.80785
G01 X115.94817 Y19.84747
G01 X115.94749 Y19.86053
G01 X115.94749 Y20.49863
G01 X106.08299 Y30.36310
G01 X106.07476 Y30.37219
G01 X106.01261 Y30.44796
G01 X105.99899 Y30.46833
G01 X105.95279 Y30.55477
G01 X105.94753 Y30.56587
G01 X105.94342 Y30.57743
G01 X105.91494 Y30.67123
G01 X105.91017 Y30.69526
G01 X105.90057 Y30.79279
G01 X105.89996 Y30.80503
G01 X105.89996 Y36.27076
G01 X84.44247 Y36.27076
G01 X83.99998 Y35.82829
G01 X83.99998 Y28.02503
G01 X83.99939 Y28.01276
G01 X83.99266 Y27.94449
G01 X83.99086 Y27.93235
G01 X83.98789 Y27.92046
G01 X83.96795 Y27.85480
G01 X83.95857 Y27.83214
G01 X83.92624 Y27.77164
G01 X83.91263 Y27.75127
G01 X83.86909 Y27.69823
G01 X83.86086 Y27.68914
G01 X83.85177 Y27.68091
G01 X83.79873 Y27.63738
G01 X83.77836 Y27.62376
G01 X83.71786 Y27.59143
G01 X83.70676 Y27.58617
G01 X83.69520 Y27.58205
G01 X83.62954 Y27.56212
G01 X83.60551 Y27.55734
G01 X83.53724 Y27.55061
G01 X83.51273 Y27.55061
G01 X83.44445 Y27.55734
G01 X83.42042 Y27.56212
G01 X83.35477 Y27.58205
G01 X83.34321 Y27.58617
G01 X83.33211 Y27.59143
G01 X83.27161 Y27.62376
G01 X83.25124 Y27.63738
G01 X83.19820 Y27.68091
G01 X83.18911 Y27.68914
G01 X83.18088 Y27.69823
G01 X83.13734 Y27.75127
G01 X83.12373 Y27.77164
G01 X83.09139 Y27.83214
G01 X83.08202 Y27.85480
G01 X83.06208 Y27.92046
G01 X83.05911 Y27.93235
G01 X83.05731 Y27.94449
G01 X83.05058 Y28.01276
G01 X83.04999 Y28.02500
G04 P0 ( dwell for no time -- G64 should not smooth over this point )
G00 Z4.00000 ( retract )

G00 X84.27453 Y27.24957 ( rapid move to begin. )
G01 F20.00000
( Mill infeed pass 1/1 )
G01 Z-0.01800
G04 P0 ( dwell for no time -- G64 should not smooth over this point )
G01 F40.00000
G01 X84.27453 Y27.24957
G01 X84.27453 Y34.24958
G01 X84.27491 Y34.25941
G01 X84.27922 Y34.31415
G01 X84.28227 Y34.33353
G01 X84.29510 Y34.38694
G01 X84.30117 Y34.40559
G01 X84.32218 Y34.45634
G01 X84.33109 Y34.47381
G01 X84.35979 Y34.52062
G01 X84.37132 Y34.53650
G01 X84.40699 Y34.57826
G01 X84.41364 Y34.58547
G01 X84.99312 Y35.16492
G01 X84.99888 Y35.22352
G01 X85.00366 Y35.24755
G01 X85.03213 Y35.34135
G01 X85.04150 Y35.36400
G01 X85.08771 Y35.45044
G01 X85.09401 Y35.46096
G01 X85.10132 Y35.47081
G01 X85.16350 Y35.54658
G01 X85.17173 Y35.55567
G01 X85.37818 Y35.76212
G01 X85.38727 Y35.77035
G01 X85.46304 Y35.83253
G01 X85.48341 Y35.84615
G01 X85.56985 Y35.89235
G01 X85.58095 Y35.89761
G01 X85.59251 Y35.90172
G01 X85.68631 Y35.93020
G01 X85.71034 Y35.93497
G01 X85.80787 Y35.94457
G01 X85.82014 Y35.94518
G01 X104.81853 Y35.94518
G01 X104.83077 Y35.94457
G01 X104.92831 Y35.93497
G01 X104.95234 Y35.93020
G01 X105.04614 Y35.90172
G01 X105.05769 Y35.89761
G01 X105.06879 Y35.89235
G01 X105.15523 Y35.84615
G01 X105.17560 Y35.83253
G01 X105.25137 Y35.77035
G01 X105.26046 Y35.76212
G01 X105.46691 Y35.55567
G01 X105.47357 Y35.54846
G01 X105.52452 Y35.48879
G01 X105.53605 Y35.47292
G01 X105.57705 Y35.40604
G01 X105.58596 Y35.38857
G01 X105.61599 Y35.31607
G01 X105.62203 Y35.29741
G01 X105.64034 Y35.22113
G01 X105.64342 Y35.20175
G01 X105.64959 Y35.12354
G01 X105.64997 Y35.11371
G01 X105.64997 Y25.06504
G01 X105.78698 Y25.06504
G01 X105.79760 Y25.06397
G01 X105.80689 Y25.06397
G01 X105.81997 Y25.06331
G01 X105.83288 Y25.06126
G01 X105.87184 Y25.05298
G01 X105.88449 Y25.04960
G01 X105.89671 Y25.04490
G01 X105.93308 Y25.02869
G01 X105.94474 Y25.02275
G01 X105.95571 Y25.01564
G01 X105.98792 Y24.99222
G01 X105.99810 Y24.98399
G01 X106.00735 Y24.97474
G01 X106.03399 Y24.94515
G01 X106.04222 Y24.93497
G01 X106.04936 Y24.92399
G01 X106.06927 Y24.88950
G01 X106.07522 Y24.87784
G01 X106.07989 Y24.86565
G01 X106.09219 Y24.82775
G01 X106.09559 Y24.81513
G01 X106.09765 Y24.80220
G01 X106.10181 Y24.76260
G01 X106.10250 Y24.74952
G01 X106.10250 Y23.86052
G01 X106.10181 Y23.84747
G01 X106.09765 Y23.80787
G01 X106.09559 Y23.79494
G01 X106.09219 Y23.78229
G01 X106.07989 Y23.74442
G01 X106.07522 Y23.73220
G01 X106.06927 Y23.72054
G01 X106.04936 Y23.68605
G01 X106.04222 Y23.67508
G01 X106.03399 Y23.66492
G01 X106.00735 Y23.63533
G01 X105.99810 Y23.62608
G01 X105.98792 Y23.61783
G01 X105.95571 Y23.59443
G01 X105.94474 Y23.58729
G01 X105.93308 Y23.58135
G01 X105.89671 Y23.56517
G01 X105.88449 Y23.56047
G01 X105.87184 Y23.55709
G01 X105.83288 Y23.54881
G01 X105.81997 Y23.54676
G01 X105.80689 Y23.54607
G01 X105.79760 Y23.54607
G01 X105.78698 Y23.54503
G01 X104.26298 Y23.54503
G01 X104.25239 Y23.54607
G01 X104.24307 Y23.54607
G01 X104.23001 Y23.54676
G01 X104.21708 Y23.54881
G01 X104.17814 Y23.55709
G01 X104.16549 Y23.56047
G01 X104.15328 Y23.56517
G01 X104.11690 Y23.58135
G01 X104.10525 Y23.58729
G01 X104.09427 Y23.59443
G01 X104.06204 Y23.61783
G01 X104.05188 Y23.62608
G01 X104.04263 Y23.63533
G01 X104.01596 Y23.66492
G01 X104.00773 Y23.67508
G01 X104.00062 Y23.68605
G01 X103.98071 Y23.72054
G01 X103.97477 Y23.73220
G01 X103.97007 Y23.74442
G01 X103.95777 Y23.78229
G01 X103.95437 Y23.79494
G01 X103.95234 Y23.80787
G01 X103.94817 Y23.84747
G01 X103.94751 Y23.85991
G01 X103.94749 Y23.86052
G01 X103.94749 Y24.74952
G01 X103.94751 Y24.75013
G01 X103.94817 Y24.76260
G01 X103.95234 Y24.80220
G01 X103.95437 Y24.81513
G01 X103.95777 Y24.82775
G01 X103.97007 Y24.86565
G01 X103.97477 Y24.87784
G01 X103.98071 Y24.88950
G01 X104.00062 Y24.92399
G01 X104.00773 Y24.93497
G01 X104.01596 Y24.94515
G01 X104.04263 Y24.97474
G01 X104.05188 Y24.98399
G01 X104.06204 Y24.99222
G01 X104.09427 Y25.01564
G01 X104.10525 Y25.02275
G01 X104.11690 Y25.02869
G01 X104.15328 Y25.04490
G01 X104.16549 Y25.04960
G01 X104.17814 Y25.05298
G01 X104.21708 Y25.06126
G01 X104.23001 Y25.06331
G01 X104.24307 Y25.06397
G01 X104.25239 Y25.06397
G01 X104.26298 Y25.06504
G01 X104.39996 Y25.06504
G01 X104.39996 Y34.69517
G01 X86.07902 Y34.69517
G01 X86.05562 Y34.67178
G01 X86.04653 Y34.66355
G01 X85.97076 Y34.60137
G01 X85.96091 Y34.59405
G01 X85.95039 Y34.58776
G01 X85.86396 Y34.54155
G01 X85.84130 Y34.53218
G01 X85.74750 Y34.50371
G01 X85.72347 Y34.49893
G01 X85.66485 Y34.49317
G01 X85.22451 Y34.05283
G01 X85.22451 Y27.24959
G01 X85.22393 Y27.23733
G01 X85.21720 Y27.16905
G01 X85.21539 Y27.15691
G01 X85.21242 Y27.14502
G01 X85.19248 Y27.07936
G01 X85.18311 Y27.05671
G01 X85.15077 Y26.99620
G01 X85.13716 Y26.97583
G01 X85.09362 Y26.92280
G01 X85.08539 Y26.91370
G01 X85.07630 Y26.90547
G01 X85.02327 Y26.86194
G01 X85.00290 Y26.84832
G01 X84.94239 Y26.81599
G01 X84.93129 Y26.81073
G01 X84.91974 Y26.80662
G01 X84.85408 Y26.78668
G01 X84.83005 Y26.78190
G01 X84.76177 Y26.77517
G01 X84.73726 Y26.77517
G01 X84.66899 Y26.78190
G01 X84.64496 Y26.78668
G01 X84.57930 Y26.80662
G01 X84.56774 Y26.81073
G01 X84.55664 Y26.81599
G01 X84.49614 Y26.84832
G01 X84.47577 Y26.86194
G01 X84.42273 Y26.90547
G01 X84.41364 Y26.91370
G01 X84.40541 Y26.92280
G01 X84.36188 Y26.97583
G01 X84.34826 Y26.99620
G01 X84.31593 Y27.05671
G01 X84.30655 Y27.07936
G01 X84.28662 Y27.14502
G01 X84.28364 Y27.15691
G01 X84.28184 Y27.16905
G01 X84.27511 Y27.23733
G01 X84.27453 Y27.24957
G04 P0 ( dwell for no time -- G64 should not smooth over this point )
G00 Z4.00000 ( retract )

G00 X85.43906 Y26.41409 ( rapid move to begin. )
G01 F20.00000
( Mill infeed pass 1/1 )
G01 Z-0.01800
G04 P0 ( dwell for no time -- G64 should not smooth over this point )
G01 F40.00000
G01 X85.43906 Y26.41409
G01 X85.43906 Y33.41410
G01 X85.43965 Y33.42637
G01 X85.44638 Y33.49464
G01 X85.44818 Y33.50678
G01 X85.45115 Y33.51867
G01 X85.47109 Y33.58433
G01 X85.48047 Y33.60698
G01 X85.51280 Y33.66749
G01 X85.52642 Y33.68786
G01 X85.56995 Y33.74089
G01 X85.57818 Y33.74999
G01 X85.89797 Y34.06977
G01 X85.90518 Y34.07643
G01 X85.94694 Y34.11211
G01 X85.96281 Y34.12362
G01 X86.00962 Y34.15232
G01 X86.02710 Y34.16124
G01 X86.07785 Y34.18224
G01 X86.09652 Y34.18831
G01 X86.14991 Y34.20114
G01 X86.16929 Y34.20419
G01 X86.22403 Y34.20851
G01 X86.23383 Y34.20889
G01 X89.00632 Y34.20889
G01 X89.06194 Y34.23863
G01 X89.07304 Y34.24389
G01 X89.08460 Y34.24800
G01 X89.15026 Y34.26794
G01 X89.17429 Y34.27272
G01 X89.24256 Y34.27945
G01 X89.25483 Y34.28003
G01 X103.28500 Y34.28003
G01 X103.29725 Y34.27945
G01 X103.36552 Y34.27272
G01 X103.38955 Y34.26794
G01 X103.45521 Y34.24800
G01 X103.46677 Y34.24389
G01 X103.47787 Y34.23863
G01 X103.53837 Y34.20630
G01 X103.55874 Y34.19268
G01 X103.61177 Y34.14915
G01 X103.62087 Y34.14092
G01 X103.62910 Y34.13182
G01 X103.67263 Y34.07879
G01 X103.68625 Y34.05842
G01 X103.71858 Y33.99792
G01 X103.72795 Y33.97526
G01 X103.74789 Y33.90960
G01 X103.75086 Y33.89771
G01 X103.75267 Y33.88557
G01 X103.75940 Y33.81730
G01 X103.75998 Y33.80503
G01 X103.75998 Y19.85911
G01 X103.75998 Y18.28827
G01 X103.95086 Y18.28827
G01 X103.95234 Y18.30221
G01 X103.95437 Y18.31512
G01 X103.95777 Y18.32777
G01 X103.97007 Y18.36564
G01 X103.97477 Y18.37786
G01 X103.98071 Y18.38951
G01 X104.00062 Y18.42401
G01 X104.00773 Y18.43498
G01 X104.01596 Y18.44514
G01 X104.04263 Y18.47473
G01 X104.05188 Y18.48400
G01 X104.06204 Y18.49223
G01 X104.09427 Y18.51563
G01 X104.10525 Y18.52276
G01 X104.11690 Y18.52871
G01 X104.15328 Y18.54491
G01 X104.16549 Y18.54959
G01 X104.17814 Y18.55296
G01 X104.21708 Y18.56124
G01 X104.23001 Y18.56330
G01 X104.24307 Y18.56399
G01 X104.25239 Y18.56399
G01 X104.26298 Y18.56503
G01 X105.78698 Y18.56503
G01 X105.79760 Y18.56399
G01 X105.80689 Y18.56399
G01 X105.81997 Y18.56330
G01 X105.83288 Y18.56124
G01 X105.87184 Y18.55296
G01 X105.88449 Y18.54959
G01 X105.89671 Y18.54491
G01 X105.93308 Y18.52871
G01 X105.94474 Y18.52276
G01 X105.95571 Y18.51563
G01 X105.98792 Y18.49223
G01 X105.99810 Y18.48400
G01 X106.00735 Y18.47473
G01 X106.03399 Y18.44514
G01 X106.04222 Y18.43498
G01 X106.04936 Y18.42401
G01 X106.06927 Y18.38951
G01 X106.07522 Y18.37786
G01 X106.07989 Y18.36564
G01 X106.09219 Y18.32777
G01 X106.09559 Y18.31512
G01 X106.09765 Y18.30221
G01 X106.10181 Y18.26259
G01 X106.10250 Y18.24954
G01 X106.10250 Y17.36054
G01 X106.10181 Y17.34748
G01 X106.09765 Y17.30786
G01 X106.09559 Y17.29493
G01 X106.09219 Y17.28230
G01 X106.07989 Y17.24443
G01 X106.07522 Y17.23224
G01 X106.06927 Y17.22058
G01 X106.04936 Y17.18606
G01 X106.04222 Y17.17509
G01 X106.03399 Y17.16490
G01 X106.00735 Y17.13531
G01 X105.99810 Y17.12607
G01 X105.98792 Y17.11784
G01 X105.95571 Y17.09444
G01 X105.94474 Y17.08731
G01 X105.93308 Y17.08136
G01 X105.89671 Y17.06516
G01 X105.88449 Y17.06046
G01 X105.87184 Y17.05708
G01 X105.83288 Y17.04880
G01 X105.81997 Y17.04679
G01 X105.80689 Y17.04611
G01 X105.79760 Y17.04611
G01 X105.78698 Y17.04504
G01 X104.26298 Y17.04504
G01 X104.25239 Y17.04611
G01 X104.24307 Y17.04611
G01 X104.23001 Y17.04679
G01 X104.21708 Y17.04880
G01 X104.17814 Y17.05708
G01 X104.16549 Y17.06046
G01 X104.15328 Y17.06516
G01 X104.11690 Y17.08136
G01 X104.10525 Y17.08731
G01 X104.09427 Y17.09444
G01 X104.06204 Y17.11784
G01 X104.05188 Y17.12607
G01 X104.04263 Y17.13531
G01 X104.01596 Y17.16490
G01 X104.00773 Y17.17509
G01 X104.00062 Y17.18606
G01 X103.98071 Y17.22058
G01 X103.97477 Y17.23224
G01 X103.97007 Y17.24443
G01 X103.95777 Y17.28230
G01 X103.95437 Y17.29493
G01 X103.95234 Y17.30786
G01 X103.94817 Y17.34748
G01 X103.94749 Y17.36054
G01 X103.94749 Y17.53828
G01 X103.49742 Y17.53828
G01 X103.48759 Y17.53869
G01 X103.44850 Y17.54176
G01 X103.42912 Y17.54481
G01 X103.39097 Y17.55398
G01 X103.37230 Y17.56003
G01 X103.33606 Y17.57504
G01 X103.31858 Y17.58395
G01 X103.28513 Y17.60445
G01 X103.26928 Y17.61598
G01 X103.23944 Y17.64146
G01 X103.23222 Y17.64814
G01 X103.22427 Y17.65609
G01 X103.20446 Y17.65805
G01 X103.18043 Y17.66282
G01 X103.11477 Y17.68276
G01 X103.10322 Y17.68687
G01 X103.09212 Y17.69213
G01 X103.03161 Y17.72447
G01 X103.01124 Y17.73808
G01 X102.95821 Y17.78162
G01 X102.94911 Y17.78985
G01 X102.94088 Y17.79894
G01 X102.89735 Y17.85197
G01 X102.88373 Y17.87235
G01 X102.85140 Y17.93285
G01 X102.84203 Y17.95550
G01 X102.82209 Y18.02116
G01 X102.81912 Y18.03305
G01 X102.81731 Y18.04519
G01 X102.81058 Y18.11347
G01 X102.81000 Y18.12571
G01 X102.81000 Y33.33005
G01 X89.43217 Y33.33005
G01 X89.37655 Y33.30031
G01 X89.36545 Y33.29505
G01 X89.35389 Y33.29093
G01 X89.28823 Y33.27099
G01 X89.26420 Y33.26622
G01 X89.19593 Y33.25949
G01 X89.18366 Y33.25890
G01 X86.43060 Y33.25890
G01 X86.38905 Y33.21735
G01 X86.38905 Y26.41411
G01 X86.38847 Y26.40184
G01 X86.38173 Y26.33357
G01 X86.37993 Y26.32143
G01 X86.37696 Y26.30954
G01 X86.35702 Y26.24388
G01 X86.34765 Y26.22122
G01 X86.31531 Y26.16072
G01 X86.30170 Y26.14035
G01 X86.25816 Y26.08731
G01 X86.24993 Y26.07822
G01 X86.24084 Y26.06999
G01 X86.18781 Y26.02646
G01 X86.16743 Y26.01284
G01 X86.10693 Y25.98051
G01 X86.09583 Y25.97525
G01 X86.08428 Y25.97114
G01 X86.01862 Y25.95120
G01 X85.99459 Y25.94642
G01 X85.92631 Y25.93969
G01 X85.90180 Y25.93969
G01 X85.83353 Y25.94642
G01 X85.80950 Y25.95120
G01 X85.74384 Y25.97114
G01 X85.73228 Y25.97525
G01 X85.72118 Y25.98051
G01 X85.66068 Y26.01284
G01 X85.64031 Y26.02646
G01 X85.58727 Y26.06999
G01 X85.57818 Y26.07822
G01 X85.56995 Y26.08731
G01 X85.52642 Y26.14035
G01 X85.51280 Y26.16072
G01 X85.48047 Y26.22122
G01 X85.47109 Y26.24388
G01 X85.45115 Y26.30954
G01 X85.44818 Y26.32143
G01 X85.44638 Y26.33357
G01 X85.43965 Y26.40184
G01 X85.43906 Y26.41409
G04 P0 ( dwell for no time -- G64 should not smooth over this point )
G00 Z4.00000 ( retract )

G00 X86.49499 Y30.52002 ( rapid move to begin. )
G01 F20.00000
( Mill infeed pass 1/1 )
G01 Z-0.01800
G04 P0 ( dwell for no time -- G64 should not smooth over this point )
G01 F40.00000
G01 X86.49499 Y30.52002
G01 X86.49568 Y30.50694
G01 X86.51752 Y30.29907
G01 X86.51958 Y30.28614
G01 X86.52296 Y30.27349
G01 X86.58755 Y30.07466
G01 X86.59225 Y30.06244
G01 X86.59819 Y30.05078
G01 X86.70271 Y29.86973
G01 X86.70985 Y29.85876
G01 X86.71808 Y29.84860
G01 X86.85796 Y29.69323
G01 X86.86720 Y29.68398
G01 X86.87739 Y29.67575
G01 X86.89997 Y29.65932
G01 X86.89997 Y25.02501
G01 X86.90058 Y25.01277
G01 X86.91018 Y24.91523
G01 X86.91496 Y24.89120
G01 X86.94343 Y24.79740
G01 X86.95280 Y24.77474
G01 X86.99901 Y24.68831
G01 X87.00530 Y24.67779
G01 X87.01262 Y24.66794
G01 X87.07480 Y24.59217
G01 X87.08303 Y24.58308
G01 X87.09212 Y24.57485
G01 X87.16789 Y24.51267
G01 X87.18826 Y24.49905
G01 X87.27470 Y24.45285
G01 X87.28580 Y24.44759
G01 X87.29735 Y24.44348
G01 X87.39116 Y24.41500
G01 X87.41518 Y24.41023
G01 X87.51272 Y24.40063
G01 X87.53723 Y24.40063
G01 X87.63477 Y24.41023
G01 X87.65880 Y24.41500
G01 X87.75260 Y24.44348
G01 X87.76416 Y24.44759
G01 X87.77525 Y24.45285
G01 X87.86169 Y24.49905
G01 X87.88206 Y24.51267
G01 X87.95783 Y24.57485
G01 X87.96692 Y24.58308
G01 X87.97515 Y24.59217
G01 X88.03733 Y24.66794
G01 X88.04465 Y24.67779
G01 X88.05095 Y24.68831
G01 X88.09715 Y24.77474
G01 X88.10652 Y24.79740
G01 X88.13500 Y24.89120
G01 X88.13977 Y24.91523
G01 X88.14937 Y25.01277
G01 X88.14998 Y25.02504
G01 X88.14998 Y29.53051
G01 X88.17083 Y29.53978
G01 X88.18249 Y29.54573
G01 X88.19347 Y29.55287
G01 X88.36258 Y29.67575
G01 X88.37276 Y29.68398
G01 X88.38201 Y29.69323
G01 X88.52189 Y29.84860
G01 X88.53014 Y29.85876
G01 X88.53726 Y29.86973
G01 X88.64178 Y30.05078
G01 X88.64772 Y30.06244
G01 X88.65242 Y30.07466
G01 X88.71701 Y30.27349
G01 X88.72041 Y30.28614
G01 X88.72245 Y30.29907
G01 X88.74429 Y30.50694
G01 X88.74498 Y30.52002
G01 X88.74429 Y30.53308
G01 X88.72245 Y30.74100
G01 X88.72041 Y30.75390
G01 X88.71701 Y30.76655
G01 X88.65242 Y30.96538
G01 X88.64772 Y30.97760
G01 X88.64178 Y30.98926
G01 X88.53726 Y31.17029
G01 X88.53014 Y31.18126
G01 X88.52189 Y31.19144
G01 X88.38201 Y31.34679
G01 X88.37276 Y31.35606
G01 X88.36258 Y31.36429
G01 X88.19347 Y31.48718
G01 X88.18249 Y31.49429
G01 X88.17083 Y31.50023
G01 X87.97985 Y31.58527
G01 X87.96763 Y31.58995
G01 X87.95499 Y31.59335
G01 X87.75052 Y31.63681
G01 X87.73759 Y31.63884
G01 X87.72451 Y31.63953
G01 X87.51546 Y31.63953
G01 X87.50238 Y31.63884
G01 X87.48948 Y31.63681
G01 X87.28498 Y31.59335
G01 X87.27233 Y31.58995
G01 X87.26012 Y31.58527
G01 X87.06913 Y31.50023
G01 X87.05748 Y31.49429
G01 X87.04650 Y31.48718
G01 X86.87739 Y31.36429
G01 X86.86720 Y31.35606
G01 X86.85796 Y31.34679
G01 X86.71808 Y31.19144
G01 X86.70985 Y31.18126
G01 X86.70271 Y31.17029
G01 X86.59819 Y30.98926
G01 X86.59225 Y30.97760
G01 X86.58755 Y30.96538
G01 X86.57422 Y30.92431
G01 X86.52296 Y30.76655
G01 X86.51958 Y30.75390
G01 X86.51752 Y30.74100
G01 X86.49568 Y30.53308
G01 X86.49499 Y30.52002
G04 P0 ( dwell for no time -- G64 should not smooth over this point )
G00 Z4.00000 ( retract )

G00 X89.03499 Y30.52002 ( rapid move to begin. )
G01 F20.00000
( Mill infeed pass 1/1 )
G01 Z-0.01800
G04 P0 ( dwell for no time -- G64 should not smooth over this point )
G01 F40.00000
G01 X89.03499 Y30.52002
G01 X89.03568 Y30.50694
G01 X89.05752 Y30.29907
G01 X89.05958 Y30.28614
G01 X89.06296 Y30.27349
G01 X89.12755 Y30.07466
G01 X89.13225 Y30.06244
G01 X89.13819 Y30.05078
G01 X89.24271 Y29.86973
G01 X89.24985 Y29.85876
G01 X89.25808 Y29.84860
G01 X89.39796 Y29.69323
G01 X89.40720 Y29.68398
G01 X89.41739 Y29.67575
G01 X89.58650 Y29.55287
G01 X89.59748 Y29.54573
G01 X89.60913 Y29.53978
G01 X89.80012 Y29.45477
G01 X89.81233 Y29.45007
G01 X89.82498 Y29.44669
G01 X90.02948 Y29.40323
G01 X90.04238 Y29.40118
G01 X90.05546 Y29.40049
G01 X90.26451 Y29.40049
G01 X90.27759 Y29.40118
G01 X90.29052 Y29.40323
G01 X90.49499 Y29.44669
G01 X90.50763 Y29.45007
G01 X90.51985 Y29.45477
G01 X90.71083 Y29.53978
G01 X90.72249 Y29.54573
G01 X90.73347 Y29.55287
G01 X90.90258 Y29.67575
G01 X90.91276 Y29.68398
G01 X90.92201 Y29.69323
G01 X91.06189 Y29.84860
G01 X91.07014 Y29.85876
G01 X91.07725 Y29.86973
G01 X91.18178 Y30.05078
G01 X91.18772 Y30.06244
G01 X91.19242 Y30.07466
G01 X91.25701 Y30.27349
G01 X91.26041 Y30.28614
G01 X91.26245 Y30.29907
G01 X91.28429 Y30.50694
G01 X91.28498 Y30.52002
G01 X91.28429 Y30.53308
G01 X91.26245 Y30.74100
G01 X91.26041 Y30.75390
G01 X91.25701 Y30.76655
G01 X91.19242 Y30.96538
G01 X91.18772 Y30.97760
G01 X91.18178 Y30.98926
G01 X91.07725 Y31.17029
G01 X91.07014 Y31.18126
G01 X91.06189 Y31.19144
G01 X90.92201 Y31.34679
G01 X90.91276 Y31.35606
G01 X90.90258 Y31.36429
G01 X90.73347 Y31.48718
G01 X90.72249 Y31.49429
G01 X90.71083 Y31.50023
G01 X90.51985 Y31.58527
G01 X90.50763 Y31.58995
G01 X90.49499 Y31.59335
G01 X90.29052 Y31.63681
G01 X90.27759 Y31.63884
G01 X90.26451 Y31.63953
G01 X90.05546 Y31.63953
G01 X90.04238 Y31.63884
G01 X90.02948 Y31.63681
G01 X89.82498 Y31.59335
G01 X89.81233 Y31.58995
G01 X89.80012 Y31.58527
G01 X89.60913 Y31.50023
G01 X89.59748 Y31.49429
G01 X89.58650 Y31.48718
G01 X89.41739 Y31.36429
G01 X89.40720 Y31.35606
G01 X89.39796 Y31.34679
G01 X89.25808 Y31.19144
G01 X89.24985 Y31.18126
G01 X89.24271 Y31.17029
G01 X89.13819 Y30.98926
G01 X89.13225 Y30.97760
G01 X89.12755 Y30.96538
G01 X89.06296 Y30.76655
G01 X89.05958 Y30.75390
G01 X89.05752 Y30.74100
G01 X89.03568 Y30.53308
G01 X89.03499 Y30.52002
G04 P0 ( dwell for no time -- G64 should not smooth over this point )
G00 Z4.00000 ( retract )

G00 X97.95499 Y30.52002 ( rapid move to begin. )
G01 F20.00000
( Mill infeed pass 1/1 )
G01 Z-0.01800
G04 P0 ( dwell for no time -- G64 should not smooth over this point )
G01 F40.00000
G01 X97.95499 Y30.52002
G01 X97.95568 Y30.50694
G01 X97.97752 Y30.29907
G01 X97.97958 Y30.28614
G01 X97.98296 Y30.27349
G01 X98.04755 Y30.07466
G01 X98.05225 Y30.06244
G01 X98.05819 Y30.05078
G01 X98.16271 Y29.86973
G01 X98.16985 Y29.85876
G01 X98.17808 Y29.84860
G01 X98.31796 Y29.69323
G01 X98.32723 Y29.68398
G01 X98.33739 Y29.67575
G01 X98.50653 Y29.55287
G01 X98.51750 Y29.54573
G01 X98.52916 Y29.53978
G01 X98.72014 Y29.45477
G01 X98.73233 Y29.45007
G01 X98.74498 Y29.44669
G01 X98.94948 Y29.40323
G01 X98.96238 Y29.40118
G01 X98.97546 Y29.40049
G01 X99.18450 Y29.40049
G01 X99.19758 Y29.40118
G01 X99.21051 Y29.40323
G01 X99.41498 Y29.44669
G01 X99.42763 Y29.45007
G01 X99.43985 Y29.45477
G01 X99.63083 Y29.53978
G01 X99.64249 Y29.54573
G01 X99.65346 Y29.55287
G01 X99.82260 Y29.67575
G01 X99.83276 Y29.68398
G01 X99.84201 Y29.69323
G01 X99.98189 Y29.84860
G01 X99.99014 Y29.85876
G01 X99.99725 Y29.86973
G01 X100.10177 Y30.05078
G01 X100.10772 Y30.06244
G01 X100.11242 Y30.07466
G01 X100.17701 Y30.27349
G01 X100.18041 Y30.28614
G01 X100.18244 Y30.29907
G01 X100.20431 Y30.50694
G01 X100.20500 Y30.52002
G01 X100.20431 Y30.53308
G01 X100.18244 Y30.74100
G01 X100.18041 Y30.75390
G01 X100.17701 Y30.76655
G01 X100.11242 Y30.96538
G01 X100.10772 Y30.97760
G01 X100.10177 Y30.98926
G01 X99.99725 Y31.17029
G01 X99.99014 Y31.18126
G01 X99.98189 Y31.19144
G01 X99.84201 Y31.34679
G01 X99.83276 Y31.35606
G01 X99.82260 Y31.36429
G01 X99.65346 Y31.48718
G01 X99.64249 Y31.49429
G01 X99.63083 Y31.50023
G01 X99.43985 Y31.58527
G01 X99.42763 Y31.58995
G01 X99.41498 Y31.59335
G01 X99.21051 Y31.63681
G01 X99.19758 Y31.63884
G01 X99.18450 Y31.63953
G01 X98.97546 Y31.63953
G01 X98.96238 Y31.63884
G01 X98.94948 Y31.63681
G01 X98.74498 Y31.59335
G01 X98.73233 Y31.58995
G01 X98.72014 Y31.58527
G01 X98.52916 Y31.50023
G01 X98.51750 Y31.49429
G01 X98.50653 Y31.48718
G01 X98.33739 Y31.36429
G01 X98.32723 Y31.35606
G01 X98.31796 Y31.34679
G01 X98.17808 Y31.19144
G01 X98.16985 Y31.18126
G01 X98.16271 Y31.17029
G01 X98.05819 Y30.98926
G01 X98.05225 Y30.97760
G01 X98.04755 Y30.96538
G01 X97.98296 Y30.76655
G01 X97.97958 Y30.75390
G01 X97.97752 Y30.74100
G01 X97.95568 Y30.53308
G01 X97.95499 Y30.52002
G04 P0 ( dwell for no time -- G64 should not smooth over this point )
G00 Z4.00000 ( retract )

G00 X103.94749 Y19.86053 ( rapid move to begin. )
G01 F20.00000
( Mill infeed pass 1/1 )
G01 Z-0.01800
G04 P0 ( dwell for no time -- G64 should not smooth over this point )
G01 F40.00000
G01 X103.94749 Y19.86053
G01 X103.94749 Y20.74953
G01 X103.94817 Y20.76259
G01 X103.95234 Y20.80221
G01 X103.95437 Y20.81514
G01 X103.95777 Y20.82776
G01 X103.97007 Y20.86563
G01 X103.97477 Y20.87785
G01 X103.98071 Y20.88951
G01 X104.00062 Y20.92400
G01 X104.00773 Y20.93498
G01 X104.01596 Y20.94514
G01 X104.04263 Y20.97475
G01 X104.05188 Y20.98400
G01 X104.06204 Y20.99223
G01 X104.09427 Y21.01565
G01 X104.10525 Y21.02276
G01 X104.11690 Y21.02870
G01 X104.15328 Y21.04491
G01 X104.16549 Y21.04958
G01 X104.17814 Y21.05298
G01 X104.21708 Y21.06126
G01 X104.23001 Y21.06330
G01 X104.24307 Y21.06398
G01 X104.25239 Y21.06398
G01 X104.26298 Y21.06502
G01 X104.49996 Y21.06502
G01 X104.49996 Y22.52504
G01 X104.50057 Y22.53728
G01 X104.50824 Y22.61531
G01 X104.51004 Y22.62745
G01 X104.51304 Y22.63934
G01 X104.53580 Y22.71440
G01 X104.54517 Y22.73703
G01 X104.58213 Y22.80619
G01 X104.58845 Y22.81671
G01 X104.59574 Y22.82656
G01 X104.64550 Y22.88717
G01 X104.65373 Y22.89626
G01 X104.66283 Y22.90449
G01 X104.72343 Y22.95425
G01 X104.74380 Y22.96786
G01 X104.81297 Y23.00482
G01 X104.82407 Y23.01005
G01 X104.83560 Y23.01419
G01 X104.91065 Y23.03695
G01 X104.93468 Y23.04175
G01 X105.01271 Y23.04942
G01 X105.03722 Y23.04942
G01 X105.11525 Y23.04175
G01 X105.12739 Y23.03995
G01 X105.13928 Y23.03695
G01 X105.21434 Y23.01419
G01 X105.23697 Y23.00482
G01 X105.30613 Y22.96786
G01 X105.31665 Y22.96154
G01 X105.32650 Y22.95425
G01 X105.38711 Y22.90449
G01 X105.40443 Y22.88717
G01 X105.45419 Y22.82656
G01 X105.46148 Y22.81671
G01 X105.46780 Y22.80619
G01 X105.50476 Y22.73703
G01 X105.51413 Y22.71440
G01 X105.53689 Y22.63934
G01 X105.53989 Y22.62745
G01 X105.54169 Y22.61531
G01 X105.54936 Y22.53728
G01 X105.54997 Y22.52502
G01 X105.54997 Y21.06502
G01 X105.78698 Y21.06502
G01 X105.79760 Y21.06398
G01 X105.80689 Y21.06398
G01 X105.81997 Y21.06330
G01 X105.83288 Y21.06126
G01 X105.87184 Y21.05298
G01 X105.88449 Y21.04958
G01 X105.89671 Y21.04491
G01 X105.93308 Y21.02870
G01 X105.94474 Y21.02276
G01 X105.95571 Y21.01565
G01 X105.98792 Y20.99223
G01 X105.99810 Y20.98400
G01 X106.00735 Y20.97475
G01 X106.03399 Y20.94514
G01 X106.04222 Y20.93498
G01 X106.04936 Y20.92400
G01 X106.06927 Y20.88951
G01 X106.07522 Y20.87785
G01 X106.07989 Y20.86563
G01 X106.09219 Y20.82776
G01 X106.09559 Y20.81514
G01 X106.09765 Y20.80221
G01 X106.10181 Y20.76259
G01 X106.10250 Y20.74953
G01 X106.10250 Y19.86053
G01 X106.10181 Y19.84747
G01 X106.09765 Y19.80785
G01 X106.09559 Y19.79492
G01 X106.09219 Y19.78230
G01 X106.07989 Y19.74443
G01 X106.07522 Y19.73221
G01 X106.06927 Y19.72055
G01 X106.04936 Y19.68606
G01 X106.04222 Y19.67508
G01 X106.03399 Y19.66492
G01 X106.00735 Y19.63531
G01 X105.99810 Y19.62606
G01 X105.98792 Y19.61783
G01 X105.95571 Y19.59441
G01 X105.94474 Y19.58730
G01 X105.93308 Y19.58136
G01 X105.89671 Y19.56515
G01 X105.88449 Y19.56048
G01 X105.87184 Y19.55708
G01 X105.83288 Y19.54880
G01 X105.81997 Y19.54676
G01 X105.80689 Y19.54608
G01 X105.79757 Y19.54608
G01 X105.78698 Y19.54504
G01 X104.26298 Y19.54504
G01 X104.25239 Y19.54608
G01 X104.24307 Y19.54608
G01 X104.23001 Y19.54676
G01 X104.21708 Y19.54880
G01 X104.17814 Y19.55708
G01 X104.16549 Y19.56048
G01 X104.15328 Y19.56515
G01 X104.11690 Y19.58136
G01 X104.10525 Y19.58730
G01 X104.09427 Y19.59441
G01 X104.06204 Y19.61783
G01 X104.05188 Y19.62606
G01 X104.04263 Y19.63531
G01 X104.01596 Y19.66492
G01 X104.00773 Y19.67508
G01 X104.00062 Y19.68606
G01 X103.98071 Y19.72055
G01 X103.97477 Y19.73221
G01 X103.97007 Y19.74443
G01 X103.95777 Y19.78230
G01 X103.95437 Y19.79492
G01 X103.95234 Y19.80785
G01 X103.94817 Y19.84747
G01 X103.94751 Y19.85990
G01 X103.94749 Y19.86053
G04 P0 ( dwell for no time -- G64 should not smooth over this point )
G00 Z4.00000 ( retract )

G00 X100.49499 Y7.52002 ( rapid move to begin. )
G01 F20.00000
( Mill infeed pass 1/1 )
G01 Z-0.01800
G04 P0 ( dwell for no time -- G64 should not smooth over this point )
G01 F40.00000
G01 X100.49499 Y7.52002
G01 X100.49568 Y7.50694
G01 X100.51752 Y7.29904
G01 X100.51958 Y7.28611
G01 X100.52296 Y7.27348
G01 X100.58755 Y7.07465
G01 X100.59225 Y7.06244
G01 X100.59819 Y7.05078
G01 X100.70271 Y6.86973
G01 X100.70985 Y6.85875
G01 X100.71808 Y6.84859
G01 X100.85796 Y6.69322
G01 X100.86723 Y6.68398
G01 X100.87739 Y6.67575
G01 X101.04653 Y6.55286
G01 X101.05750 Y6.54572
G01 X101.06916 Y6.53981
G01 X101.26014 Y6.45477
G01 X101.27233 Y6.45007
G01 X101.28498 Y6.44669
G01 X101.48948 Y6.40323
G01 X101.50238 Y6.40117
G01 X101.51546 Y6.40049
G01 X101.72450 Y6.40049
G01 X101.73758 Y6.40117
G01 X101.75051 Y6.40323
G01 X101.95498 Y6.44669
G01 X101.96763 Y6.45007
G01 X101.97985 Y6.45477
G01 X102.17083 Y6.53981
G01 X102.18249 Y6.54572
G01 X102.19346 Y6.55286
G01 X102.36260 Y6.67575
G01 X102.37276 Y6.68398
G01 X102.38201 Y6.69322
G01 X102.52189 Y6.84859
G01 X102.53014 Y6.85875
G01 X102.53725 Y6.86973
G01 X102.64177 Y7.05078
G01 X102.64772 Y7.06244
G01 X102.65242 Y7.07465
G01 X102.71701 Y7.27348
G01 X102.72041 Y7.28611
G01 X102.72244 Y7.29904
G01 X102.74431 Y7.50694
G01 X102.74500 Y7.52002
G01 X102.74431 Y7.53307
G01 X102.72244 Y7.74100
G01 X102.72041 Y7.75393
G01 X102.71701 Y7.76655
G01 X102.65242 Y7.96538
G01 X102.64772 Y7.97760
G01 X102.64177 Y7.98926
G01 X102.53725 Y8.17031
G01 X102.53014 Y8.18128
G01 X102.52189 Y8.19144
G01 X102.38201 Y8.34679
G01 X102.37276 Y8.35606
G01 X102.36260 Y8.36429
G01 X102.19346 Y8.48717
G01 X102.18249 Y8.49428
G01 X102.17083 Y8.50023
G01 X101.97985 Y8.58527
G01 X101.96763 Y8.58994
G01 X101.95498 Y8.59334
G01 X101.75051 Y8.63680
G01 X101.73758 Y8.63886
G01 X101.72450 Y8.63955
G01 X101.51546 Y8.63955
G01 X101.50238 Y8.63886
G01 X101.48948 Y8.63680
G01 X101.28498 Y8.59334
G01 X101.27233 Y8.58994
G01 X101.26014 Y8.58527
G01 X101.06916 Y8.50023
G01 X101.05750 Y8.49428
G01 X101.04653 Y8.48717
G01 X100.87739 Y8.36429
G01 X100.86723 Y8.35606
G01 X100.85796 Y8.34679
G01 X100.71808 Y8.19144
G01 X100.70985 Y8.18128
G01 X100.70271 Y8.17031
G01 X100.59819 Y7.98926
G01 X100.59225 Y7.97760
G01 X100.58755 Y7.96538
G01 X100.52296 Y7.76655
G01 X100.51958 Y7.75393
G01 X100.51752 Y7.74100
G01 X100.49568 Y7.53307
G01 X100.49499 Y7.52002
G04 P0 ( dwell for no time -- G64 should not smooth over this point )
G00 Z4.00000 ( retract )

G00 X86.49499 Y7.52002 ( rapid move to begin. )
G01 F20.00000
( Mill infeed pass 1/1 )
G01 Z-0.01800
G04 P0 ( dwell for no time -- G64 should not smooth over this point )
G01 F40.00000
G01 X86.49499 Y7.52002
G01 X86.49568 Y7.50694
G01 X86.51752 Y7.29904
G01 X86.51958 Y7.28611
G01 X86.52296 Y7.27348
G01 X86.58755 Y7.07465
G01 X86.59225 Y7.06244
G01 X86.59819 Y7.05078
G01 X86.70271 Y6.86973
G01 X86.70985 Y6.85875
G01 X86.71808 Y6.84859
G01 X86.85796 Y6.69322
G01 X86.86720 Y6.68398
G01 X86.87739 Y6.67575
G01 X87.04650 Y6.55286
G01 X87.05748 Y6.54572
G01 X87.06913 Y6.53981
G01 X87.26012 Y6.45477
G01 X87.27233 Y6.45007
G01 X87.28498 Y6.44669
G01 X87.48948 Y6.40323
G01 X87.50238 Y6.40117
G01 X87.51546 Y6.40049
G01 X87.72451 Y6.40049
G01 X87.73759 Y6.40117
G01 X87.75052 Y6.40323
G01 X87.95499 Y6.44669
G01 X87.96763 Y6.45007
G01 X87.97985 Y6.45477
G01 X88.17083 Y6.53981
G01 X88.18249 Y6.54572
G01 X88.19347 Y6.55286
G01 X88.36258 Y6.67575
G01 X88.37276 Y6.68398
G01 X88.38201 Y6.69322
G01 X88.52189 Y6.84859
G01 X88.53014 Y6.85875
G01 X88.53726 Y6.86973
G01 X88.64178 Y7.05078
G01 X88.64772 Y7.06244
G01 X88.65242 Y7.07465
G01 X88.71701 Y7.27348
G01 X88.72041 Y7.28611
G01 X88.72245 Y7.29904
G01 X88.74429 Y7.50694
G01 X88.74498 Y7.52002
G01 X88.74429 Y7.53307
G01 X88.72245 Y7.74100
G01 X88.72041 Y7.75393
G01 X88.71701 Y7.76655
G01 X88.65242 Y7.96538
G01 X88.64772 Y7.97760
G01 X88.64178 Y7.98926
G01 X88.53726 Y8.17031
G01 X88.53014 Y8.18128
G01 X88.52189 Y8.19144
G01 X88.38201 Y8.34679
G01 X88.37276 Y8.35606
G01 X88.36258 Y8.36429
G01 X88.19347 Y8.48717
G01 X88.18249 Y8.49428
G01 X88.17083 Y8.50023
G01 X87.97985 Y8.58527
G01 X87.96763 Y8.58994
G01 X87.95499 Y8.59334
G01 X87.75052 Y8.63680
G01 X87.73759 Y8.63886
G01 X87.72451 Y8.63955
G01 X87.51546 Y8.63955
G01 X87.50238 Y8.63886
G01 X87.48948 Y8.63680
G01 X87.28498 Y8.59334
G01 X87.27233 Y8.58994
G01 X87.26012 Y8.58527
G01 X87.06913 Y8.50023
G01 X87.05748 Y8.49428
G01 X87.04650 Y8.48717
G01 X86.87739 Y8.36429
G01 X86.86720 Y8.35606
G01 X86.85796 Y8.34679
G01 X86.71808 Y8.19144
G01 X86.70985 Y8.18128
G01 X86.70271 Y8.17031
G01 X86.59819 Y7.98926
G01 X86.59225 Y7.97760
G01 X86.58755 Y7.96538
G01 X86.52296 Y7.76655
G01 X86.51958 Y7.75393
G01 X86.51752 Y7.74100
G01 X86.49568 Y7.53307
G01 X86.49499 Y7.52002
G04 P0 ( dwell for no time -- G64 should not smooth over this point )
G00 Z4.00000 ( retract )

G00 X81.99998 Y18.02502 ( rapid move to begin. )
G01 F20.00000
( Mill infeed pass 1/1 )
G01 Z-0.01800
G04 P0 ( dwell for no time -- G64 should not smooth over this point )
G01 F40.00000
G01 X81.99998 Y18.02502
G01 X81.99998 Y22.52502
G01 X82.00059 Y22.53728
G01 X82.00826 Y22.61531
G01 X82.01006 Y22.62745
G01 X82.01306 Y22.63934
G01 X82.03582 Y22.71440
G01 X82.04519 Y22.73703
G01 X82.08215 Y22.80619
G01 X82.08847 Y22.81671
G01 X82.09576 Y22.82656
G01 X82.14552 Y22.88717
G01 X82.15375 Y22.89626
G01 X82.16285 Y22.90449
G01 X82.22345 Y22.95425
G01 X82.24382 Y22.96786
G01 X82.31298 Y23.00482
G01 X82.32408 Y23.01005
G01 X82.33562 Y23.01419
G01 X82.41067 Y23.03695
G01 X82.43470 Y23.04175
G01 X82.51273 Y23.04942
G01 X82.52500 Y23.05003
G01 X85.18664 Y23.05003
G01 X85.18827 Y23.05100
G01 X85.27470 Y23.09720
G01 X85.28580 Y23.10246
G01 X85.29736 Y23.10657
G01 X85.39116 Y23.13505
G01 X85.41519 Y23.13982
G01 X85.51272 Y23.14942
G01 X85.52499 Y23.15003
G01 X99.52499 Y23.15003
G01 X99.53723 Y23.14942
G01 X99.63477 Y23.13982
G01 X99.65880 Y23.13505
G01 X99.75260 Y23.10657
G01 X99.76416 Y23.10246
G01 X99.77526 Y23.09720
G01 X99.86169 Y23.05100
G01 X99.88206 Y23.03738
G01 X99.95783 Y22.97521
G01 X99.96692 Y22.96698
G01 X99.97515 Y22.95788
G01 X100.03733 Y22.88211
G01 X100.04465 Y22.87226
G01 X100.05095 Y22.86174
G01 X100.09715 Y22.77531
G01 X100.10652 Y22.75265
G01 X100.13500 Y22.65885
G01 X100.13977 Y22.63482
G01 X100.14937 Y22.53728
G01 X100.14998 Y22.52502
G01 X100.14937 Y22.51277
G01 X100.13977 Y22.41524
G01 X100.13500 Y22.39121
G01 X100.10652 Y22.29741
G01 X100.09715 Y22.27475
G01 X100.05095 Y22.18831
G01 X100.04465 Y22.17780
G01 X100.03733 Y22.16794
G01 X99.97515 Y22.09217
G01 X99.96692 Y22.08308
G01 X99.95783 Y22.07485
G01 X99.88206 Y22.01267
G01 X99.86169 Y21.99906
G01 X99.77526 Y21.95286
G01 X99.76416 Y21.94760
G01 X99.75260 Y21.94348
G01 X99.65880 Y21.91501
G01 X99.63477 Y21.91023
G01 X99.53723 Y21.90063
G01 X99.52499 Y21.90002
G01 X85.52499 Y21.90002
G01 X85.51272 Y21.90063
G01 X85.41519 Y21.91023
G01 X85.39116 Y21.91501
G01 X85.29736 Y21.94348
G01 X85.28580 Y21.94760
G01 X85.27470 Y21.95286
G01 X85.18827 Y21.99906
G01 X85.18664 Y22.00002
G01 X83.04999 Y22.00002
G01 X83.04999 Y18.02502
G01 X83.04938 Y18.01278
G01 X83.04171 Y17.93475
G01 X83.03991 Y17.92261
G01 X83.03691 Y17.91072
G01 X83.01415 Y17.83567
G01 X83.00478 Y17.81304
G01 X82.96782 Y17.74387
G01 X82.96150 Y17.73336
G01 X82.95421 Y17.72350
G01 X82.90445 Y17.66290
G01 X82.89622 Y17.65380
G01 X82.88713 Y17.64557
G01 X82.82652 Y17.59582
G01 X82.80615 Y17.58223
G01 X82.73699 Y17.54527
G01 X82.72589 Y17.54001
G01 X82.71436 Y17.53587
G01 X82.63930 Y17.51311
G01 X82.61527 Y17.50831
G01 X82.53724 Y17.50064
G01 X82.51273 Y17.50064
G01 X82.43470 Y17.50831
G01 X82.41067 Y17.51311
G01 X82.33562 Y17.53587
G01 X82.32408 Y17.54001
G01 X82.31298 Y17.54527
G01 X82.24382 Y17.58223
G01 X82.22345 Y17.59582
G01 X82.16285 Y17.64557
G01 X82.15375 Y17.65380
G01 X82.14552 Y17.66290
G01 X82.09576 Y17.72350
G01 X82.08847 Y17.73336
G01 X82.08215 Y17.74387
G01 X82.04519 Y17.81304
G01 X82.03582 Y17.83567
G01 X82.01306 Y17.91072
G01 X82.01006 Y17.92261
G01 X82.00826 Y17.93475
G01 X82.00059 Y18.01278
G01 X81.99998 Y18.02502
G04 P0 ( dwell for no time -- G64 should not smooth over this point )
G00 Z4.00000 ( retract )

G00 X76.12984 Y21.44503 ( rapid move to begin. )
G01 F20.00000
( Mill infeed pass 1/1 )
G01 Z-0.01800
G04 P0 ( dwell for no time -- G64 should not smooth over this point )
G01 F40.00000
G01 X76.12984 Y21.44503
G01 X76.12984 Y22.34503
G01 X76.12984 Y22.71503
G01 X76.12984 Y23.61503
G01 X76.12984 Y23.98503
G01 X76.12984 Y24.88503
G01 X76.12984 Y25.25503
G01 X76.12984 Y26.15503
G01 X76.12984 Y26.52503
G01 X76.12984 Y27.42503
G01 X76.12984 Y27.79503
G01 X76.12984 Y28.69503
G01 X76.13223 Y28.71942
G01 X76.13934 Y28.74286
G01 X76.15089 Y28.76447
G01 X76.16644 Y28.78342
G01 X76.18539 Y28.79897
G01 X76.20698 Y28.81052
G01 X76.23045 Y28.81764
G01 X76.25483 Y28.82002
G01 X77.75483 Y28.82002
G01 X77.77921 Y28.81764
G01 X77.80266 Y28.81052
G01 X77.82427 Y28.79897
G01 X77.83971 Y28.78629
G01 X77.84322 Y28.78342
G01 X77.85876 Y28.76447
G01 X77.87032 Y28.74286
G01 X77.87743 Y28.71942
G01 X77.87982 Y28.69503
G01 X77.87982 Y27.79503
G01 X77.87743 Y27.77065
G01 X77.87032 Y27.74720
G01 X77.85876 Y27.72559
G01 X77.84322 Y27.70664
G01 X77.82427 Y27.69110
G01 X77.80266 Y27.67954
G01 X77.77921 Y27.67243
G01 X77.75483 Y27.67004
G01 X76.25483 Y27.67004
G01 X76.23045 Y27.67243
G01 X76.20698 Y27.67954
G01 X76.18539 Y27.69110
G01 X76.16644 Y27.70664
G01 X76.15089 Y27.72559
G01 X76.13934 Y27.74720
G01 X76.13223 Y27.77065
G01 X76.12984 Y27.79503
G01 X76.12984 Y27.42503
G01 X76.13223 Y27.44942
G01 X76.13934 Y27.47286
G01 X76.15089 Y27.49447
G01 X76.16644 Y27.51342
G01 X76.18539 Y27.52897
G01 X76.20698 Y27.54052
G01 X76.23045 Y27.54764
G01 X76.25483 Y27.55002
G01 X77.75483 Y27.55002
G01 X77.77921 Y27.54764
G01 X77.80266 Y27.54052
G01 X77.82427 Y27.52897
G01 X77.83971 Y27.51629
G01 X77.84322 Y27.51342
G01 X77.85876 Y27.49447
G01 X77.87032 Y27.47286
G01 X77.87743 Y27.44942
G01 X77.87982 Y27.42503
G01 X77.87982 Y26.52503
G01 X77.87743 Y26.50065
G01 X77.87032 Y26.47720
G01 X77.85876 Y26.45559
G01 X77.84322 Y26.43664
G01 X77.82427 Y26.42110
G01 X77.80266 Y26.40954
G01 X77.77921 Y26.40243
G01 X77.75483 Y26.40004
G01 X76.25483 Y26.40004
G01 X76.23045 Y26.40243
G01 X76.20698 Y26.40954
G01 X76.18539 Y26.42110
G01 X76.16644 Y26.43664
G01 X76.15089 Y26.45559
G01 X76.13934 Y26.47720
G01 X76.13223 Y26.50065
G01 X76.12984 Y26.52503
G01 X76.12984 Y26.15503
G01 X76.13223 Y26.17942
G01 X76.13934 Y26.20286
G01 X76.15089 Y26.22447
G01 X76.16644 Y26.24342
G01 X76.18539 Y26.25897
G01 X76.20698 Y26.27053
G01 X76.23045 Y26.27764
G01 X76.25483 Y26.28002
G01 X77.75483 Y26.28002
G01 X77.77921 Y26.27764
G01 X77.80266 Y26.27053
G01 X77.82427 Y26.25897
G01 X77.83971 Y26.24629
G01 X77.84322 Y26.24342
G01 X77.85876 Y26.22447
G01 X77.87032 Y26.20286
G01 X77.87743 Y26.17942
G01 X77.87982 Y26.15503
G01 X77.87982 Y25.25503
G01 X77.87743 Y25.23065
G01 X77.87032 Y25.20720
G01 X77.85876 Y25.18559
G01 X77.84322 Y25.16664
G01 X77.82427 Y25.15110
G01 X77.80266 Y25.13954
G01 X77.77921 Y25.13243
G01 X77.75483 Y25.13004
G01 X76.25483 Y25.13004
G01 X76.23045 Y25.13243
G01 X76.20698 Y25.13954
G01 X76.18539 Y25.15110
G01 X76.16644 Y25.16664
G01 X76.15089 Y25.18559
G01 X76.13934 Y25.20720
G01 X76.13223 Y25.23065
G01 X76.12984 Y25.25503
G01 X76.12984 Y24.88503
G01 X76.13223 Y24.90942
G01 X76.13934 Y24.93286
G01 X76.15089 Y24.95447
G01 X76.16644 Y24.97342
G01 X76.18539 Y24.98897
G01 X76.20698 Y25.00053
G01 X76.23045 Y25.00764
G01 X76.25483 Y25.01002
G01 X77.75483 Y25.01002
G01 X77.77921 Y25.00764
G01 X77.80266 Y25.00053
G01 X77.82427 Y24.98897
G01 X77.84322 Y24.97342
G01 X77.85876 Y24.95447
G01 X77.87032 Y24.93286
G01 X77.87743 Y24.90942
G01 X77.87982 Y24.88503
G01 X77.87982 Y23.98503
G01 X77.87743 Y23.96065
G01 X77.87032 Y23.93720
G01 X77.85876 Y23.91559
G01 X77.84322 Y23.89664
G01 X77.82427 Y23.88110
G01 X77.80266 Y23.86954
G01 X77.77921 Y23.86243
G01 X77.75483 Y23.86004
G01 X76.25483 Y23.86004
G01 X76.23045 Y23.86243
G01 X76.20698 Y23.86954
G01 X76.18539 Y23.88110
G01 X76.16989 Y23.89380
G01 X76.16644 Y23.89664
G01 X76.15089 Y23.91559
G01 X76.13934 Y23.93720
G01 X76.13223 Y23.96065
G01 X76.12984 Y23.98503
G01 X76.12984 Y23.61503
G01 X76.13223 Y23.63942
G01 X76.13934 Y23.66286
G01 X76.15089 Y23.68447
G01 X76.16644 Y23.70342
G01 X76.18539 Y23.71897
G01 X76.20698 Y23.73053
G01 X76.23045 Y23.73764
G01 X76.25483 Y23.74002
G01 X77.75483 Y23.74002
G01 X77.77921 Y23.73764
G01 X77.80266 Y23.73053
G01 X77.82427 Y23.71897
G01 X77.84322 Y23.70342
G01 X77.85876 Y23.68447
G01 X77.87032 Y23.66286
G01 X77.87743 Y23.63942
G01 X77.87982 Y23.61503
G01 X77.87982 Y22.71503
G01 X77.87743 Y22.69065
G01 X77.87032 Y22.66720
G01 X77.85876 Y22.64559
G01 X77.84322 Y22.62664
G01 X77.83974 Y22.62380
G01 X77.82427 Y22.61110
G01 X77.80266 Y22.59954
G01 X77.77921 Y22.59243
G01 X77.75483 Y22.59004
G01 X76.25483 Y22.59004
G01 X76.23045 Y22.59243
G01 X76.20698 Y22.59954
G01 X76.18539 Y22.61110
G01 X76.16644 Y22.62664
G01 X76.15089 Y22.64559
G01 X76.13934 Y22.66720
G01 X76.13223 Y22.69065
G01 X76.12984 Y22.71503
G01 X76.12984 Y22.34503
G01 X76.13223 Y22.36942
G01 X76.13934 Y22.39286
G01 X76.15089 Y22.41447
G01 X76.16644 Y22.43342
G01 X76.18539 Y22.44897
G01 X76.20698 Y22.46053
G01 X76.23045 Y22.46764
G01 X76.25483 Y22.47002
G01 X77.75483 Y22.47002
G01 X77.77921 Y22.46764
G01 X77.80266 Y22.46053
G01 X77.82427 Y22.44897
G01 X77.84322 Y22.43342
G01 X77.85876 Y22.41447
G01 X77.87032 Y22.39286
G01 X77.87743 Y22.36942
G01 X77.87982 Y22.34503
G01 X77.87982 Y21.44503
G01 X77.87743 Y21.42065
G01 X77.87032 Y21.39720
G01 X77.85876 Y21.37559
G01 X77.84322 Y21.35664
G01 X77.82427 Y21.34110
G01 X77.80266 Y21.32954
G01 X77.77921 Y21.32243
G01 X77.75483 Y21.32004
G01 X76.25483 Y21.32004
G01 X76.23045 Y21.32243
G01 X76.20698 Y21.32954
G01 X76.18539 Y21.34110
G01 X76.16989 Y21.35380
G01 X76.16644 Y21.35664
G01 X76.15089 Y21.37559
G01 X76.13934 Y21.39720
G01 X76.13223 Y21.42065
G01 X76.12984 Y21.44503
G01 X76.12984 Y21.07503
G01 X76.13223 Y21.09942
G01 X76.13934 Y21.12286
G01 X76.15089 Y21.14447
G01 X76.16644 Y21.16342
G01 X76.16994 Y21.16629
G01 X76.18539 Y21.17897
G01 X76.20698 Y21.19053
G01 X76.23045 Y21.19764
G01 X76.25483 Y21.20002
G01 X77.75483 Y21.20002
G01 X77.77921 Y21.19764
G01 X77.80266 Y21.19053
G01 X77.82427 Y21.17897
G01 X77.83971 Y21.16629
G01 X77.84322 Y21.16342
G01 X77.85876 Y21.14447
G01 X77.87032 Y21.12286
G01 X77.87743 Y21.09942
G01 X77.87982 Y21.07503
G01 X77.87982 Y20.17503
G01 X77.87743 Y20.15065
G01 X77.87032 Y20.12720
G01 X77.85876 Y20.10559
G01 X77.84322 Y20.08664
G01 X77.83974 Y20.08380
G01 X77.82427 Y20.07110
G01 X77.80266 Y20.05954
G01 X77.77921 Y20.05243
G01 X77.75483 Y20.05004
G01 X76.25483 Y20.05004
G01 X76.23045 Y20.05243
G01 X76.20698 Y20.05954
G01 X76.18539 Y20.07110
G01 X76.16989 Y20.08380
G01 X76.16644 Y20.08664
G01 X76.15089 Y20.10559
G01 X76.13934 Y20.12720
G01 X76.13223 Y20.15065
G01 X76.12984 Y20.17503
G01 X76.12984 Y21.07503
G04 P0 ( dwell for no time -- G64 should not smooth over this point )
G00 Z4.00000 ( retract )

G00 X76.12984 Y16.36503 ( rapid move to begin. )
G01 F20.00000
( Mill infeed pass 1/1 )
G01 Z-0.01800
G04 P0 ( dwell for no time -- G64 should not smooth over this point )
G01 F40.00000
G01 X76.12984 Y16.36503
G01 X76.13223 Y16.34065
G01 X76.13934 Y16.31720
G01 X76.15089 Y16.29559
G01 X76.16644 Y16.27664
G01 X76.16989 Y16.27380
G01 X76.18539 Y16.26110
G01 X76.20698 Y16.24954
G01 X76.23045 Y16.24243
G01 X76.25483 Y16.24004
G01 X77.75483 Y16.24004
G01 X77.77921 Y16.24243
G01 X77.80266 Y16.24954
G01 X77.82427 Y16.26110
G01 X77.84322 Y16.27664
G01 X77.85876 Y16.29559
G01 X77.87032 Y16.31720
G01 X77.87743 Y16.34065
G01 X77.87982 Y16.36503
G01 X77.87982 Y17.26503
G01 X77.87743 Y17.28942
G01 X77.87032 Y17.31286
G01 X77.85876 Y17.33447
G01 X77.84322 Y17.35345
G01 X77.83971 Y17.35632
G01 X77.82427 Y17.36897
G01 X77.80266 Y17.38053
G01 X77.77921 Y17.38766
G01 X77.75483 Y17.39005
G01 X76.25483 Y17.39005
G01 X76.23045 Y17.38766
G01 X76.20698 Y17.38053
G01 X76.18539 Y17.36897
G01 X76.16644 Y17.35345
G01 X76.15089 Y17.33447
G01 X76.13934 Y17.31286
G01 X76.13223 Y17.28942
G01 X76.12984 Y17.26503
G01 X76.12984 Y16.36503
G04 P0 ( dwell for no time -- G64 should not smooth over this point )
G00 Z4.00000 ( retract )

G00 X70.78039 Y18.07278 ( rapid move to begin. )
G01 F20.00000
( Mill infeed pass 1/1 )
G01 Z-0.01800
G04 P0 ( dwell for no time -- G64 should not smooth over this point )
G01 F40.00000
G01 X70.78039 Y18.07278
G01 X70.78039 Y18.09729
G01 X70.78713 Y18.16556
G01 X70.78893 Y18.17770
G01 X70.79190 Y18.18959
G01 X70.81184 Y18.25525
G01 X70.82121 Y18.27791
G01 X70.85355 Y18.33841
G01 X70.86716 Y18.35878
G01 X70.91070 Y18.41182
G01 X70.91893 Y18.42091
G01 X70.92802 Y18.42914
G01 X70.98105 Y18.47267
G01 X71.00143 Y18.48629
G01 X71.06193 Y18.51862
G01 X71.07303 Y18.52388
G01 X71.08458 Y18.52800
G01 X71.15024 Y18.54793
G01 X71.17427 Y18.55271
G01 X71.24255 Y18.55944
G01 X71.25479 Y18.56002
G01 X76.13240 Y18.56002
G01 X76.13934 Y18.58286
G01 X76.15089 Y18.60447
G01 X76.16644 Y18.62342
G01 X76.16994 Y18.62629
G01 X76.18539 Y18.63897
G01 X76.20698 Y18.65053
G01 X76.23045 Y18.65764
G01 X76.25483 Y18.66002
G01 X77.75483 Y18.66002
G01 X77.77921 Y18.65764
G01 X77.80266 Y18.65053
G01 X77.82427 Y18.63897
G01 X77.84322 Y18.62342
G01 X77.85876 Y18.60447
G01 X77.87032 Y18.58286
G01 X77.87723 Y18.56002
G01 X79.03484 Y18.56002
G01 X79.04708 Y18.55944
G01 X79.11535 Y18.55271
G01 X79.13938 Y18.54793
G01 X79.20504 Y18.52800
G01 X79.21660 Y18.52388
G01 X79.22770 Y18.51862
G01 X79.28820 Y18.48629
G01 X79.30857 Y18.47267
G01 X79.36161 Y18.42914
G01 X79.37070 Y18.42091
G01 X79.37893 Y18.41182
G01 X79.42246 Y18.35878
G01 X79.43608 Y18.33841
G01 X79.46841 Y18.27791
G01 X79.47779 Y18.25525
G01 X79.49773 Y18.18959
G01 X79.50070 Y18.17770
G01 X79.50250 Y18.16556
G01 X79.50923 Y18.09729
G01 X79.50923 Y18.07278
G01 X79.50250 Y18.00450
G01 X79.50070 Y17.99236
G01 X79.49773 Y17.98047
G01 X79.47779 Y17.91481
G01 X79.46841 Y17.89216
G01 X79.43608 Y17.83165
G01 X79.42246 Y17.81128
G01 X79.37893 Y17.75825
G01 X79.37070 Y17.74916
G01 X79.36161 Y17.74093
G01 X79.30857 Y17.69739
G01 X79.28820 Y17.68378
G01 X79.22770 Y17.65144
G01 X79.21660 Y17.64618
G01 X79.20504 Y17.64207
G01 X79.13938 Y17.62213
G01 X79.11535 Y17.61735
G01 X79.04708 Y17.61062
G01 X79.03484 Y17.61004
G01 X77.87723 Y17.61001
G01 X77.87032 Y17.58723
G01 X77.85876 Y17.56559
G01 X77.84322 Y17.54664
G01 X77.82427 Y17.53110
G01 X77.80266 Y17.51956
G01 X77.77921 Y17.51243
G01 X77.75483 Y17.51004
G01 X76.25483 Y17.51004
G01 X76.23045 Y17.51243
G01 X76.20698 Y17.51956
G01 X76.18539 Y17.53110
G01 X76.16989 Y17.54382
G01 X76.16644 Y17.54664
G01 X76.15089 Y17.56559
G01 X76.13934 Y17.58723
G01 X76.13240 Y17.61001
G01 X71.25479 Y17.61004
G01 X71.24255 Y17.61062
G01 X71.17427 Y17.61735
G01 X71.15024 Y17.62213
G01 X71.08458 Y17.64207
G01 X71.07303 Y17.64618
G01 X71.06193 Y17.65144
G01 X71.00143 Y17.68378
G01 X70.98105 Y17.69739
G01 X70.92802 Y17.74093
G01 X70.91893 Y17.74916
G01 X70.91070 Y17.75825
G01 X70.86716 Y17.81128
G01 X70.85355 Y17.83165
G01 X70.82121 Y17.89216
G01 X70.81184 Y17.91481
G01 X70.79190 Y17.98047
G01 X70.78893 Y17.99236
G01 X70.78713 Y18.00450
G01 X70.78039 Y18.07278
G04 P0 ( dwell for no time -- G64 should not smooth over this point )
G00 Z4.00000 ( retract )

G00 X69.34562 Y17.72840 ( rapid move to begin. )
G01 F20.00000
( Mill infeed pass 1/1 )
G01 Z-0.01800
G04 P0 ( dwell for no time -- G64 should not smooth over this point )
G01 F40.00000
G01 X69.34562 Y17.72840
G01 X69.34562 Y18.32066
G01 X69.34621 Y18.33292
G01 X69.35294 Y18.40120
G01 X69.35474 Y18.41334
G01 X69.35771 Y18.42523
G01 X69.37765 Y18.49089
G01 X69.38703 Y18.51354
G01 X69.41936 Y18.57405
G01 X69.43298 Y18.59442
G01 X69.47651 Y18.64745
G01 X69.48474 Y18.65654
G01 X70.51910 Y19.69091
G01 X70.52632 Y19.69756
G01 X70.56808 Y19.73325
G01 X70.58395 Y19.74476
G01 X70.63076 Y19.77346
G01 X70.64824 Y19.78237
G01 X70.69899 Y19.80338
G01 X70.71766 Y19.80945
G01 X70.77105 Y19.82228
G01 X70.79043 Y19.82533
G01 X70.84516 Y19.82964
G01 X70.85499 Y19.83002
G01 X76.13240 Y19.83002
G01 X76.13934 Y19.85286
G01 X76.15089 Y19.87447
G01 X76.16644 Y19.89342
G01 X76.16994 Y19.89629
G01 X76.18539 Y19.90897
G01 X76.20698 Y19.92053
G01 X76.23045 Y19.92764
G01 X76.25483 Y19.93002
G01 X77.75483 Y19.93002
G01 X77.77921 Y19.92764
G01 X77.80266 Y19.92053
G01 X77.82427 Y19.90897
G01 X77.84322 Y19.89342
G01 X77.85876 Y19.87447
G01 X77.87032 Y19.85286
G01 X77.87723 Y19.83002
G01 X78.60804 Y19.83002
G01 X78.72981 Y19.95179
G01 X78.72981 Y33.30503
G01 X78.73042 Y33.31730
G01 X78.73809 Y33.39533
G01 X78.73989 Y33.40747
G01 X78.74289 Y33.41936
G01 X78.76565 Y33.49441
G01 X78.77502 Y33.51704
G01 X78.81198 Y33.58621
G01 X78.81830 Y33.59672
G01 X78.82559 Y33.60658
G01 X78.87535 Y33.66718
G01 X78.89267 Y33.68451
G01 X78.95328 Y33.73426
G01 X78.96313 Y33.74155
G01 X78.97365 Y33.74788
G01 X79.04281 Y33.78484
G01 X79.06544 Y33.79421
G01 X79.14050 Y33.81697
G01 X79.16453 Y33.82177
G01 X79.24256 Y33.82944
G01 X79.26707 Y33.82944
G01 X79.34510 Y33.82177
G01 X79.35724 Y33.81996
G01 X79.36912 Y33.81697
G01 X79.44418 Y33.79421
G01 X79.46681 Y33.78484
G01 X79.53598 Y33.74788
G01 X79.55635 Y33.73426
G01 X79.61695 Y33.68451
G01 X79.62605 Y33.67628
G01 X79.63428 Y33.66718
G01 X79.68403 Y33.60658
G01 X79.69132 Y33.59672
G01 X79.69765 Y33.58621
G01 X79.73461 Y33.51704
G01 X79.74398 Y33.49441
G01 X79.76674 Y33.41936
G01 X79.76973 Y33.40747
G01 X79.77154 Y33.39533
G01 X79.77921 Y33.31730
G01 X79.77982 Y33.30503
G01 X79.77982 Y19.80503
G01 X79.77921 Y19.79279
G01 X79.77154 Y19.71476
G01 X79.76973 Y19.70262
G01 X79.76674 Y19.69073
G01 X79.74398 Y19.61567
G01 X79.73461 Y19.59304
G01 X79.69765 Y19.52388
G01 X79.69132 Y19.51336
G01 X79.68403 Y19.50351
G01 X79.63428 Y19.44290
G01 X79.62605 Y19.43381
G01 X79.61695 Y19.42558
G01 X79.55635 Y19.37582
G01 X79.53598 Y19.36221
G01 X79.46681 Y19.32525
G01 X79.45571 Y19.32002
G01 X79.44418 Y19.31588
G01 X79.43443 Y19.31293
G01 X79.14068 Y19.01916
G01 X79.13158 Y19.01093
G01 X79.07855 Y18.96739
G01 X79.05818 Y18.95378
G01 X78.99768 Y18.92144
G01 X78.98658 Y18.91618
G01 X78.97502 Y18.91207
G01 X78.90936 Y18.89213
G01 X78.88533 Y18.88735
G01 X78.81706 Y18.88062
G01 X78.80479 Y18.88004
G01 X77.87723 Y18.88004
G01 X77.87032 Y18.85720
G01 X77.85876 Y18.83559
G01 X77.84322 Y18.81664
G01 X77.82427 Y18.80110
G01 X77.80266 Y18.78954
G01 X77.77921 Y18.78243
G01 X77.75483 Y18.78004
G01 X76.25483 Y18.78004
G01 X76.23045 Y18.78243
G01 X76.20698 Y18.78954
G01 X76.18539 Y18.80110
G01 X76.16989 Y18.81380
G01 X76.16644 Y18.81664
G01 X76.15089 Y18.83559
G01 X76.13934 Y18.85720
G01 X76.13240 Y18.88004
G01 X71.05174 Y18.88004
G01 X70.29561 Y18.12391
G01 X70.29561 Y17.72840
G01 X70.29503 Y17.71616
G01 X70.28829 Y17.64789
G01 X70.28649 Y17.63574
G01 X70.28352 Y17.62386
G01 X70.26358 Y17.55822
G01 X70.25421 Y17.53554
G01 X70.22187 Y17.47506
G01 X70.20826 Y17.45467
G01 X70.16472 Y17.40163
G01 X70.15649 Y17.39254
G01 X70.14740 Y17.38431
G01 X70.09437 Y17.34077
G01 X70.07399 Y17.32719
G01 X70.01349 Y17.29483
G01 X69.99084 Y17.28545
G01 X69.92518 Y17.26551
G01 X69.91329 Y17.26254
G01 X69.90115 Y17.26076
G01 X69.83287 Y17.25403
G01 X69.80836 Y17.25403
G01 X69.74009 Y17.26076
G01 X69.72795 Y17.26254
G01 X69.71606 Y17.26551
G01 X69.65040 Y17.28545
G01 X69.62774 Y17.29483
G01 X69.56724 Y17.32719
G01 X69.54687 Y17.34077
G01 X69.49383 Y17.38431
G01 X69.48474 Y17.39254
G01 X69.47651 Y17.40163
G01 X69.43298 Y17.45467
G01 X69.41936 Y17.47506
G01 X69.38703 Y17.53554
G01 X69.37765 Y17.55822
G01 X69.35771 Y17.62386
G01 X69.35474 Y17.63574
G01 X69.35294 Y17.64789
G01 X69.34621 Y17.71616
G01 X69.34562 Y17.72840
G04 P0 ( dwell for no time -- G64 should not smooth over this point )
G00 Z4.00000 ( retract )

G00 X67.15935 Y21.17003 ( rapid move to begin. )
G01 F20.00000
( Mill infeed pass 1/1 )
G01 Z-0.01800
G04 P0 ( dwell for no time -- G64 should not smooth over this point )
G01 F40.00000
G01 X67.15935 Y21.17003
G01 X67.16714 Y21.19403
G01 X67.17055 Y21.20668
G01 X67.17258 Y21.21958
G01 X67.17913 Y21.28196
G01 X67.17982 Y21.29502
G01 X67.17913 Y21.30810
G01 X67.17258 Y21.37046
G01 X67.17055 Y21.38339
G01 X67.16714 Y21.39604
G01 X67.15935 Y21.42004
G01 X67.20484 Y21.42004
G01 X67.22653 Y21.42192
G01 X67.24758 Y21.42756
G01 X67.26732 Y21.43678
G01 X67.28518 Y21.44927
G01 X67.30057 Y21.46469
G01 X67.31309 Y21.48252
G01 X67.32229 Y21.50228
G01 X67.32792 Y21.52332
G01 X67.32983 Y21.54503
G01 X67.32983 Y21.58913
G01 X67.33613 Y21.58745
G01 X67.39747 Y21.57440
G01 X67.41040 Y21.57236
G01 X67.42345 Y21.57168
G01 X67.48619 Y21.57168
G01 X67.49925 Y21.57236
G01 X67.51218 Y21.57440
G01 X67.57352 Y21.58745
G01 X67.57982 Y21.58913
G01 X67.57982 Y21.54503
G01 X67.58223 Y21.52065
G01 X67.58934 Y21.49720
G01 X67.60090 Y21.47559
G01 X67.61644 Y21.45664
G01 X67.63537 Y21.44110
G01 X67.65698 Y21.42954
G01 X67.68045 Y21.42243
G01 X67.70484 Y21.42004
G01 X67.75030 Y21.42004
G01 X67.74250 Y21.39604
G01 X67.73910 Y21.38339
G01 X67.73707 Y21.37046
G01 X67.73051 Y21.30810
G01 X67.72983 Y21.29502
G01 X67.73051 Y21.28196
G01 X67.73707 Y21.21958
G01 X67.73910 Y21.20668
G01 X67.74250 Y21.19403
G01 X67.75030 Y21.17003
G01 X67.70484 Y21.17003
G01 X67.68045 Y21.16764
G01 X67.65698 Y21.16050
G01 X67.63537 Y21.14897
G01 X67.61644 Y21.13343
G01 X67.60090 Y21.11448
G01 X67.58934 Y21.09286
G01 X67.58223 Y21.06942
G01 X67.57982 Y21.04503
G01 X67.57982 Y21.00091
G01 X67.57352 Y21.00262
G01 X67.51218 Y21.01565
G01 X67.49925 Y21.01770
G01 X67.48619 Y21.01839
G01 X67.42345 Y21.01839
G01 X67.41040 Y21.01770
G01 X67.39747 Y21.01565
G01 X67.33613 Y21.00262
G01 X67.32983 Y21.00091
G01 X67.32983 Y21.04503
G01 X67.32792 Y21.06673
G01 X67.32229 Y21.08778
G01 X67.31309 Y21.10752
G01 X67.30057 Y21.12537
G01 X67.28518 Y21.14079
G01 X67.26732 Y21.15329
G01 X67.24758 Y21.16248
G01 X67.22653 Y21.16812
G01 X67.20484 Y21.17003
G01 X67.15935 Y21.17003
G04 P0 ( dwell for no time -- G64 should not smooth over this point )
G00 Z4.00000 ( retract )

G00 X67.15935 Y22.57002 ( rapid move to begin. )
G01 F20.00000
( Mill infeed pass 1/1 )
G01 Z-0.01800
G04 P0 ( dwell for no time -- G64 should not smooth over this point )
G01 F40.00000
G01 X67.15935 Y22.57002
G01 X67.16714 Y22.59403
G01 X67.17055 Y22.60668
G01 X67.17258 Y22.61958
G01 X67.17913 Y22.68196
G01 X67.17982 Y22.69502
G01 X67.17913 Y22.70810
G01 X67.17258 Y22.77048
G01 X67.17055 Y22.78338
G01 X67.16714 Y22.79603
G01 X67.15935 Y22.82004
G01 X67.20484 Y22.82004
G01 X67.22653 Y22.82192
G01 X67.24758 Y22.82758
G01 X67.26732 Y22.83678
G01 X67.28518 Y22.84927
G01 X67.30057 Y22.86469
G01 X67.31309 Y22.88252
G01 X67.32229 Y22.90228
G01 X67.32792 Y22.92331
G01 X67.32983 Y22.94503
G01 X67.32983 Y22.98912
G01 X67.33613 Y22.98745
G01 X67.39747 Y22.97439
G01 X67.41040 Y22.97236
G01 X67.42345 Y22.97167
G01 X67.48619 Y22.97167
G01 X67.49925 Y22.97236
G01 X67.51218 Y22.97439
G01 X67.57352 Y22.98745
G01 X67.57982 Y22.98912
G01 X67.57982 Y22.94503
G01 X67.58223 Y22.92065
G01 X67.58934 Y22.89720
G01 X67.60090 Y22.87559
G01 X67.61644 Y22.85664
G01 X67.63537 Y22.84109
G01 X67.65698 Y22.82954
G01 X67.68045 Y22.82242
G01 X67.70484 Y22.82004
G01 X67.75030 Y22.82004
G01 X67.74250 Y22.79603
G01 X67.73910 Y22.78338
G01 X67.73707 Y22.77048
G01 X67.73051 Y22.70810
G01 X67.72983 Y22.69502
G01 X67.73051 Y22.68196
G01 X67.73707 Y22.61958
G01 X67.73910 Y22.60668
G01 X67.74250 Y22.59403
G01 X67.75030 Y22.57002
G01 X67.70484 Y22.57002
G01 X67.68045 Y22.56764
G01 X67.65698 Y22.56052
G01 X67.63537 Y22.54897
G01 X67.61644 Y22.53342
G01 X67.60090 Y22.51447
G01 X67.58934 Y22.49286
G01 X67.58223 Y22.46942
G01 X67.57982 Y22.44503
G01 X67.57982 Y22.40094
G01 X67.57352 Y22.40261
G01 X67.51218 Y22.41564
G01 X67.49925 Y22.41770
G01 X67.48619 Y22.41839
G01 X67.42345 Y22.41839
G01 X67.41040 Y22.41770
G01 X67.39747 Y22.41564
G01 X67.33613 Y22.40261
G01 X67.32983 Y22.40094
G01 X67.32983 Y22.44503
G01 X67.32792 Y22.46672
G01 X67.32229 Y22.48778
G01 X67.31309 Y22.50754
G01 X67.30057 Y22.52537
G01 X67.28518 Y22.54079
G01 X67.26732 Y22.55329
G01 X67.24758 Y22.56248
G01 X67.22653 Y22.56812
G01 X67.20484 Y22.57002
G01 X67.15935 Y22.57002
G04 P0 ( dwell for no time -- G64 should not smooth over this point )
G00 Z4.00000 ( retract )

G00 X65.75935 Y22.57002 ( rapid move to begin. )
G01 F20.00000
( Mill infeed pass 1/1 )
G01 Z-0.01800
G04 P0 ( dwell for no time -- G64 should not smooth over this point )
G01 F40.00000
G01 X65.75935 Y22.57002
G01 X65.76715 Y22.59403
G01 X65.77055 Y22.60668
G01 X65.77258 Y22.61958
G01 X65.77913 Y22.68196
G01 X65.77982 Y22.69502
G01 X65.77913 Y22.70810
G01 X65.77258 Y22.77048
G01 X65.77055 Y22.78338
G01 X65.76715 Y22.79603
G01 X65.75935 Y22.82004
G01 X65.80481 Y22.82004
G01 X65.82922 Y22.82242
G01 X65.85267 Y22.82954
G01 X65.87428 Y22.84109
G01 X65.89321 Y22.85664
G01 X65.90875 Y22.87559
G01 X65.92031 Y22.89720
G01 X65.92742 Y22.92065
G01 X65.92983 Y22.94503
G01 X65.92983 Y22.98912
G01 X65.93613 Y22.98745
G01 X65.99747 Y22.97439
G01 X66.01040 Y22.97236
G01 X66.02346 Y22.97167
G01 X66.08620 Y22.97167
G01 X66.09925 Y22.97236
G01 X66.11218 Y22.97439
G01 X66.17352 Y22.98745
G01 X66.17982 Y22.98912
G01 X66.17982 Y22.94503
G01 X66.18223 Y22.92065
G01 X66.18934 Y22.89720
G01 X66.20090 Y22.87559
G01 X66.21645 Y22.85664
G01 X66.23537 Y22.84109
G01 X66.25698 Y22.82954
G01 X66.28043 Y22.82242
G01 X66.30481 Y22.82004
G01 X66.35030 Y22.82004
G01 X66.34251 Y22.79603
G01 X66.33910 Y22.78338
G01 X66.33707 Y22.77048
G01 X66.33052 Y22.70810
G01 X66.32983 Y22.69502
G01 X66.33052 Y22.68196
G01 X66.33707 Y22.61958
G01 X66.33910 Y22.60668
G01 X66.34251 Y22.59403
G01 X66.35030 Y22.57002
G01 X66.30481 Y22.57002
G01 X66.28043 Y22.56764
G01 X66.25698 Y22.56052
G01 X66.23537 Y22.54897
G01 X66.21645 Y22.53342
G01 X66.20090 Y22.51447
G01 X66.18934 Y22.49286
G01 X66.18223 Y22.46942
G01 X66.17982 Y22.44503
G01 X66.17982 Y22.40094
G01 X66.17352 Y22.40261
G01 X66.11218 Y22.41564
G01 X66.09925 Y22.41770
G01 X66.08620 Y22.41839
G01 X66.02346 Y22.41839
G01 X66.01040 Y22.41770
G01 X65.99747 Y22.41564
G01 X65.93613 Y22.40261
G01 X65.92983 Y22.40094
G01 X65.92983 Y22.44503
G01 X65.92793 Y22.46675
G01 X65.92229 Y22.48778
G01 X65.91307 Y22.50754
G01 X65.90057 Y22.52537
G01 X65.88518 Y22.54079
G01 X65.86732 Y22.55329
G01 X65.84759 Y22.56248
G01 X65.82653 Y22.56812
G01 X65.80481 Y22.57002
G01 X65.75935 Y22.57002
G04 P0 ( dwell for no time -- G64 should not smooth over this point )
G00 Z4.00000 ( retract )

G00 X65.75935 Y21.17003 ( rapid move to begin. )
G01 F20.00000
( Mill infeed pass 1/1 )
G01 Z-0.01800
G04 P0 ( dwell for no time -- G64 should not smooth over this point )
G01 F40.00000
G01 X65.75935 Y21.17003
G01 X65.76715 Y21.19403
G01 X65.77055 Y21.20668
G01 X65.77258 Y21.21958
G01 X65.77913 Y21.28196
G01 X65.77982 Y21.29502
G01 X65.77913 Y21.30810
G01 X65.77258 Y21.37046
G01 X65.77055 Y21.38339
G01 X65.76715 Y21.39604
G01 X65.75935 Y21.42004
G01 X65.80481 Y21.42004
G01 X65.82653 Y21.42192
G01 X65.84759 Y21.42756
G01 X65.86732 Y21.43678
G01 X65.88518 Y21.44927
G01 X65.90057 Y21.46469
G01 X65.91307 Y21.48252
G01 X65.92229 Y21.50228
G01 X65.92793 Y21.52332
G01 X65.92983 Y21.54503
G01 X65.92983 Y21.58913
G01 X65.93613 Y21.58745
G01 X65.99747 Y21.57440
G01 X66.01040 Y21.57236
G01 X66.02346 Y21.57168
G01 X66.08620 Y21.57168
G01 X66.09925 Y21.57236
G01 X66.11218 Y21.57440
G01 X66.17352 Y21.58745
G01 X66.17982 Y21.58913
G01 X66.17982 Y21.54503
G01 X66.18223 Y21.52065
G01 X66.18934 Y21.49720
G01 X66.20090 Y21.47559
G01 X66.21645 Y21.45664
G01 X66.23537 Y21.44110
G01 X66.25698 Y21.42954
G01 X66.28043 Y21.42243
G01 X66.30481 Y21.42004
G01 X66.35030 Y21.42004
G01 X66.34251 Y21.39604
G01 X66.33910 Y21.38339
G01 X66.33707 Y21.37046
G01 X66.33052 Y21.30810
G01 X66.32983 Y21.29502
G01 X66.33052 Y21.28196
G01 X66.33707 Y21.21958
G01 X66.33910 Y21.20668
G01 X66.34251 Y21.19403
G01 X66.35030 Y21.17003
G01 X66.30481 Y21.17003
G01 X66.28043 Y21.16764
G01 X66.25698 Y21.16050
G01 X66.23537 Y21.14897
G01 X66.21645 Y21.13343
G01 X66.20090 Y21.11448
G01 X66.18934 Y21.09286
G01 X66.18223 Y21.06942
G01 X66.17982 Y21.04503
G01 X66.17982 Y21.00091
G01 X66.17352 Y21.00262
G01 X66.11218 Y21.01565
G01 X66.09925 Y21.01770
G01 X66.08620 Y21.01839
G01 X66.02346 Y21.01839
G01 X66.01040 Y21.01770
G01 X65.99747 Y21.01565
G01 X65.93613 Y21.00262
G01 X65.92983 Y21.00091
G01 X65.92983 Y21.04503
G01 X65.92793 Y21.06673
G01 X65.92229 Y21.08778
G01 X65.91307 Y21.10752
G01 X65.90057 Y21.12537
G01 X65.88518 Y21.14079
G01 X65.86732 Y21.15329
G01 X65.84759 Y21.16248
G01 X65.82653 Y21.16812
G01 X65.80481 Y21.17003
G01 X65.75935 Y21.17003
G04 P0 ( dwell for no time -- G64 should not smooth over this point )
G00 Z4.00000 ( retract )

G00 X64.77982 Y20.14504 ( rapid move to begin. )
G01 F20.00000
( Mill infeed pass 1/1 )
G01 Z-0.01800
G04 P0 ( dwell for no time -- G64 should not smooth over this point )
G01 F40.00000
G01 X64.77982 Y20.14504
G01 X64.77982 Y21.04503
G01 X64.78173 Y21.06673
G01 X64.78737 Y21.08778
G01 X64.79656 Y21.10752
G01 X64.80906 Y21.12537
G01 X64.82448 Y21.14079
G01 X64.84233 Y21.15329
G01 X64.86207 Y21.16248
G01 X64.88312 Y21.16812
G01 X64.90482 Y21.17003
G01 X64.95031 Y21.17003
G01 X64.94251 Y21.19403
G01 X64.93911 Y21.20668
G01 X64.93707 Y21.21958
G01 X64.93052 Y21.28196
G01 X64.92983 Y21.29502
G01 X64.93052 Y21.30810
G01 X64.93707 Y21.37046
G01 X64.93911 Y21.38339
G01 X64.94251 Y21.39604
G01 X64.95031 Y21.42004
G01 X64.90482 Y21.42004
G01 X64.88043 Y21.42243
G01 X64.85699 Y21.42954
G01 X64.83537 Y21.44110
G01 X64.81645 Y21.45664
G01 X64.80090 Y21.47559
G01 X64.78935 Y21.49720
G01 X64.78224 Y21.52065
G01 X64.77982 Y21.54503
G01 X64.77982 Y22.44503
G01 X64.78173 Y22.46675
G01 X64.78737 Y22.48778
G01 X64.79656 Y22.50754
G01 X64.80906 Y22.52537
G01 X64.82448 Y22.54079
G01 X64.84233 Y22.55329
G01 X64.86207 Y22.56248
G01 X64.88312 Y22.56812
G01 X64.90482 Y22.57002
G01 X64.95031 Y22.57002
G01 X64.94251 Y22.59403
G01 X64.93911 Y22.60668
G01 X64.93707 Y22.61958
G01 X64.93052 Y22.68196
G01 X64.92983 Y22.69502
G01 X64.93052 Y22.70810
G01 X64.93707 Y22.77048
G01 X64.93911 Y22.78338
G01 X64.94251 Y22.79603
G01 X64.95031 Y22.82004
G01 X64.90482 Y22.82004
G01 X64.88043 Y22.82242
G01 X64.85699 Y22.82954
G01 X64.83537 Y22.84109
G01 X64.81645 Y22.85664
G01 X64.80090 Y22.87559
G01 X64.78935 Y22.89720
G01 X64.78224 Y22.92065
G01 X64.77982 Y22.94503
G01 X64.77982 Y23.84503
G01 X64.78224 Y23.86941
G01 X64.78935 Y23.89286
G01 X64.80090 Y23.91447
G01 X64.81645 Y23.93342
G01 X64.83537 Y23.94897
G01 X64.85699 Y23.96052
G01 X64.88043 Y23.96763
G01 X64.90482 Y23.97002
G01 X65.80481 Y23.97002
G01 X65.82653 Y23.96814
G01 X65.84759 Y23.96250
G01 X65.86732 Y23.95328
G01 X65.88518 Y23.94079
G01 X65.90057 Y23.92537
G01 X65.91307 Y23.90754
G01 X65.92229 Y23.88778
G01 X65.92793 Y23.86675
G01 X65.92983 Y23.84503
G01 X65.92983 Y23.80093
G01 X65.93613 Y23.80261
G01 X65.99747 Y23.81567
G01 X66.01040 Y23.81770
G01 X66.02346 Y23.81838
G01 X66.08620 Y23.81838
G01 X66.09925 Y23.81770
G01 X66.11218 Y23.81567
G01 X66.17352 Y23.80261
G01 X66.17982 Y23.80093
G01 X66.17982 Y23.84503
G01 X66.18223 Y23.86941
G01 X66.18934 Y23.89286
G01 X66.20090 Y23.91447
G01 X66.21645 Y23.93342
G01 X66.23537 Y23.94897
G01 X66.25698 Y23.96052
G01 X66.28043 Y23.96763
G01 X66.30481 Y23.97002
G01 X67.20484 Y23.97002
G01 X67.22653 Y23.96814
G01 X67.24758 Y23.96250
G01 X67.26732 Y23.95328
G01 X67.28518 Y23.94079
G01 X67.30057 Y23.92537
G01 X67.31309 Y23.90754
G01 X67.32229 Y23.88778
G01 X67.32792 Y23.86675
G01 X67.32983 Y23.84503
G01 X67.32983 Y23.80093
G01 X67.33613 Y23.80261
G01 X67.39747 Y23.81567
G01 X67.41040 Y23.81770
G01 X67.42345 Y23.81838
G01 X67.48619 Y23.81838
G01 X67.49925 Y23.81770
G01 X67.51218 Y23.81567
G01 X67.57352 Y23.80261
G01 X67.57982 Y23.80093
G01 X67.57982 Y23.84503
G01 X67.58223 Y23.86941
G01 X67.58934 Y23.89286
G01 X67.60090 Y23.91447
G01 X67.61644 Y23.93342
G01 X67.63537 Y23.94897
G01 X67.65698 Y23.96052
G01 X67.68045 Y23.96763
G01 X67.70484 Y23.97002
G01 X68.60483 Y23.97002
G01 X68.62922 Y23.96763
G01 X68.65266 Y23.96052
G01 X68.67428 Y23.94897
G01 X68.69323 Y23.93342
G01 X68.70877 Y23.91447
G01 X68.72030 Y23.89286
G01 X68.72741 Y23.86941
G01 X68.72983 Y23.84503
G01 X68.72983 Y22.94503
G01 X68.72792 Y22.92331
G01 X68.72228 Y22.90228
G01 X68.71309 Y22.88252
G01 X68.70059 Y22.86469
G01 X68.68517 Y22.84927
G01 X68.66732 Y22.83678
G01 X68.64758 Y22.82758
G01 X68.62653 Y22.82192
G01 X68.60483 Y22.82004
G01 X68.55934 Y22.82004
G01 X68.56714 Y22.79603
G01 X68.57054 Y22.78338
G01 X68.57258 Y22.77048
G01 X68.57913 Y22.70810
G01 X68.57981 Y22.69502
G01 X68.57913 Y22.68196
G01 X68.57258 Y22.61958
G01 X68.57054 Y22.60668
G01 X68.56714 Y22.59403
G01 X68.55934 Y22.57002
G01 X68.60483 Y22.57002
G01 X68.62653 Y22.56812
G01 X68.64758 Y22.56248
G01 X68.66732 Y22.55329
G01 X68.68517 Y22.54079
G01 X68.70059 Y22.52537
G01 X68.71309 Y22.50754
G01 X68.72228 Y22.48778
G01 X68.72792 Y22.46675
G01 X68.72983 Y22.44503
G01 X68.72983 Y21.54503
G01 X68.72741 Y21.52065
G01 X68.72030 Y21.49720
G01 X68.70877 Y21.47559
G01 X68.69323 Y21.45664
G01 X68.67428 Y21.44110
G01 X68.65266 Y21.42954
G01 X68.62922 Y21.42243
G01 X68.60483 Y21.42004
G01 X68.55934 Y21.42004
G01 X68.56714 Y21.39604
G01 X68.57054 Y21.38339
G01 X68.57258 Y21.37046
G01 X68.57913 Y21.30810
G01 X68.57981 Y21.29502
G01 X68.57913 Y21.28196
G01 X68.57258 Y21.21958
G01 X68.57054 Y21.20668
G01 X68.56714 Y21.19403
G01 X68.55934 Y21.17003
G01 X68.60483 Y21.17003
G01 X68.62653 Y21.16812
G01 X68.64758 Y21.16248
G01 X68.66732 Y21.15329
G01 X68.68517 Y21.14079
G01 X68.70059 Y21.12537
G01 X68.71309 Y21.10752
G01 X68.72228 Y21.08778
G01 X68.72792 Y21.06673
G01 X68.72983 Y21.04503
G01 X68.72983 Y20.14504
G01 X68.72741 Y20.12065
G01 X68.72030 Y20.09718
G01 X68.70877 Y20.07559
G01 X68.69323 Y20.05664
G01 X68.67428 Y20.04110
G01 X68.65266 Y20.02954
G01 X68.62922 Y20.02243
G01 X68.60483 Y20.02004
G01 X68.53249 Y20.02004
G01 X67.70484 Y20.02004
G01 X67.68045 Y20.02243
G01 X67.65698 Y20.02954
G01 X67.63537 Y20.04110
G01 X67.61644 Y20.05664
G01 X67.60090 Y20.07559
G01 X67.58934 Y20.09718
G01 X67.58223 Y20.12065
G01 X67.57982 Y20.14504
G01 X67.57982 Y20.18913
G01 X67.57352 Y20.18745
G01 X67.51218 Y20.17440
G01 X67.49925 Y20.17237
G01 X67.48619 Y20.17168
G01 X67.42345 Y20.17168
G01 X67.41040 Y20.17237
G01 X67.39747 Y20.17440
G01 X67.33613 Y20.18745
G01 X67.32983 Y20.18913
G01 X67.32983 Y20.14504
G01 X67.32792 Y20.12332
G01 X67.32229 Y20.10229
G01 X67.31309 Y20.08253
G01 X67.30057 Y20.06467
G01 X67.28518 Y20.04928
G01 X67.26732 Y20.03678
G01 X67.24758 Y20.02756
G01 X67.22653 Y20.02192
G01 X67.20484 Y20.02004
G01 X66.30481 Y20.02004
G01 X66.28043 Y20.02243
G01 X66.25698 Y20.02954
G01 X66.23537 Y20.04110
G01 X66.21645 Y20.05664
G01 X66.20090 Y20.07559
G01 X66.18934 Y20.09718
G01 X66.18223 Y20.12065
G01 X66.17982 Y20.14504
G01 X66.17982 Y20.18913
G01 X66.17352 Y20.18745
G01 X66.11218 Y20.17440
G01 X66.09925 Y20.17237
G01 X66.08620 Y20.17168
G01 X66.02346 Y20.17168
G01 X66.01040 Y20.17237
G01 X65.99747 Y20.17440
G01 X65.93613 Y20.18745
G01 X65.92983 Y20.18913
G01 X65.92983 Y20.14504
G01 X65.92793 Y20.12332
G01 X65.92229 Y20.10229
G01 X65.91307 Y20.08253
G01 X65.90057 Y20.06467
G01 X65.88518 Y20.04928
G01 X65.86732 Y20.03678
G01 X65.84759 Y20.02756
G01 X65.82653 Y20.02192
G01 X65.80481 Y20.02004
G01 X64.90482 Y20.02004
G01 X64.88043 Y20.02243
G01 X64.85699 Y20.02954
G01 X64.83537 Y20.04110
G01 X64.81645 Y20.05664
G01 X64.80090 Y20.07559
G01 X64.78935 Y20.09718
G01 X64.78224 Y20.12065
G01 X64.77982 Y20.14504
G04 P0 ( dwell for no time -- G64 should not smooth over this point )
G00 Z4.00000 ( retract )

G00 X62.25732 Y16.81766 ( rapid move to begin. )
G01 F20.00000
( Mill infeed pass 1/1 )
G01 Z-0.01800
G04 P0 ( dwell for no time -- G64 should not smooth over this point )
G01 F40.00000
G01 X62.25732 Y16.81766
G01 X62.25732 Y26.73237
G01 X62.25791 Y26.74464
G01 X62.26464 Y26.81292
G01 X62.26644 Y26.82506
G01 X62.26941 Y26.83695
G01 X62.28935 Y26.90260
G01 X62.29872 Y26.92526
G01 X62.33106 Y26.98576
G01 X62.34467 Y27.00613
G01 X62.38821 Y27.05917
G01 X62.39644 Y27.06826
G01 X66.18909 Y30.86091
G01 X66.19630 Y30.86757
G01 X66.23806 Y30.90326
G01 X66.25394 Y30.91476
G01 X66.30075 Y30.94346
G01 X66.31822 Y30.95238
G01 X66.36897 Y30.97339
G01 X66.38764 Y30.97946
G01 X66.44103 Y30.99228
G01 X66.46041 Y30.99533
G01 X66.51515 Y30.99965
G01 X66.52498 Y31.00003
G01 X68.87466 Y31.00003
G01 X68.88690 Y30.99945
G01 X68.95518 Y30.99272
G01 X68.97920 Y30.98794
G01 X69.02327 Y30.97455
G01 X69.04486 Y30.96800
G01 X69.05642 Y30.96389
G01 X69.06752 Y30.95863
G01 X69.08360 Y30.95004
G01 X72.17480 Y30.95004
G01 X72.17480 Y31.18568
G01 X72.16144 Y31.19665
G01 X72.15857 Y31.20013
G01 X72.14590 Y31.21557
G01 X72.13434 Y31.23719
G01 X72.12723 Y31.26063
G01 X72.12482 Y31.28502
G01 X72.12482 Y32.78504
G01 X72.12723 Y32.80942
G01 X72.13434 Y32.83287
G01 X72.14590 Y32.85448
G01 X72.15857 Y32.86993
G01 X72.16144 Y32.87341
G01 X72.18039 Y32.88895
G01 X72.20198 Y32.90051
G01 X72.22545 Y32.90762
G01 X72.24984 Y32.91003
G01 X73.14983 Y32.91003
G01 X73.17422 Y32.90762
G01 X73.19766 Y32.90051
G01 X73.21928 Y32.88895
G01 X73.23823 Y32.87341
G01 X73.24107 Y32.86993
G01 X73.25377 Y32.85448
G01 X73.26530 Y32.83287
G01 X73.27241 Y32.80942
G01 X73.27483 Y32.78504
G01 X73.27483 Y31.28502
G01 X73.27241 Y31.26063
G01 X73.26530 Y31.23719
G01 X73.25377 Y31.21557
G01 X73.24107 Y31.20013
G01 X73.23823 Y31.19665
G01 X73.22481 Y31.18563
G01 X73.22481 Y30.69988
G01 X73.22420 Y30.68761
G01 X73.21653 Y30.60958
G01 X73.21473 Y30.59744
G01 X73.21173 Y30.58555
G01 X73.18897 Y30.51050
G01 X73.17960 Y30.48786
G01 X73.14265 Y30.41870
G01 X73.13632 Y30.40818
G01 X73.12903 Y30.39833
G01 X73.07927 Y30.33773
G01 X73.07104 Y30.32863
G01 X73.06195 Y30.32040
G01 X73.00135 Y30.27064
G01 X72.98097 Y30.25703
G01 X72.91181 Y30.22007
G01 X72.90071 Y30.21484
G01 X72.88918 Y30.21073
G01 X72.81412 Y30.18797
G01 X72.79009 Y30.18317
G01 X72.78039 Y30.18220
G01 X72.77473 Y30.18164
G01 X72.76662 Y30.17575
G01 X72.72649 Y30.15119
G01 X72.70902 Y30.14227
G01 X72.66553 Y30.12424
G01 X72.64686 Y30.11817
G01 X72.60109 Y30.10720
G01 X72.58171 Y30.10412
G01 X72.53480 Y30.10041
G01 X72.52499 Y30.10003
G01 X69.08360 Y30.10003
G01 X69.06752 Y30.09147
G01 X69.04486 Y30.08207
G01 X68.97920 Y30.06214
G01 X68.96732 Y30.05916
G01 X68.95518 Y30.05736
G01 X68.88690 Y30.05063
G01 X68.87466 Y30.05005
G01 X68.56303 Y30.05005
G01 X66.72173 Y30.05005
G01 X63.20731 Y26.53562
G01 X63.20731 Y17.01443
G01 X64.86085 Y15.36089
G01 X64.86908 Y15.35180
G01 X64.91261 Y15.29877
G01 X64.92623 Y15.27840
G01 X64.95856 Y15.21789
G01 X64.96793 Y15.19524
G01 X64.98787 Y15.12958
G01 X64.99085 Y15.11769
G01 X64.99265 Y15.10555
G01 X64.99938 Y15.03727
G01 X64.99996 Y15.02501
G01 X64.99996 Y3.52500
G01 X64.99938 Y3.51276
G01 X64.99265 Y3.44448
G01 X64.99085 Y3.43234
G01 X64.98787 Y3.42046
G01 X64.96793 Y3.35480
G01 X64.95856 Y3.33214
G01 X64.92623 Y3.27164
G01 X64.91993 Y3.26112
G01 X64.91261 Y3.25127
G01 X64.86908 Y3.19823
G01 X64.86085 Y3.18914
G01 X64.85175 Y3.18091
G01 X64.79872 Y3.13737
G01 X64.77835 Y3.12376
G01 X64.71785 Y3.09142
G01 X64.69519 Y3.08205
G01 X64.62953 Y3.06211
G01 X64.61764 Y3.05914
G01 X64.60550 Y3.05734
G01 X64.53723 Y3.05061
G01 X64.51272 Y3.05061
G01 X64.44444 Y3.05734
G01 X64.43230 Y3.05914
G01 X64.42041 Y3.06211
G01 X64.35475 Y3.08205
G01 X64.33210 Y3.09142
G01 X64.27159 Y3.12376
G01 X64.25122 Y3.13737
G01 X64.19819 Y3.18091
G01 X64.18909 Y3.18914
G01 X64.18086 Y3.19823
G01 X64.13733 Y3.25127
G01 X64.13001 Y3.26112
G01 X64.12371 Y3.27164
G01 X64.09138 Y3.33214
G01 X64.08201 Y3.35480
G01 X64.06207 Y3.42046
G01 X64.05910 Y3.43234
G01 X64.05729 Y3.44448
G01 X64.05056 Y3.51276
G01 X64.04998 Y3.52503
G01 X64.04998 Y14.82826
G01 X62.39644 Y16.48182
G01 X62.38821 Y16.49089
G01 X62.34467 Y16.54393
G01 X62.33106 Y16.56430
G01 X62.29872 Y16.62482
G01 X62.28935 Y16.64746
G01 X62.26941 Y16.71311
G01 X62.26644 Y16.72500
G01 X62.26464 Y16.73714
G01 X62.25791 Y16.80542
G01 X62.25732 Y16.81766
G04 P0 ( dwell for no time -- G64 should not smooth over this point )
G00 Z4.00000 ( retract )

G00 X60.73020 Y15.79478 ( rapid move to begin. )
G01 F20.00000
( Mill infeed pass 1/1 )
G01 Z-0.01800
G04 P0 ( dwell for no time -- G64 should not smooth over this point )
G01 F40.00000
G01 X60.73020 Y15.79478
G01 X60.73020 Y27.75523
G01 X60.73081 Y27.76750
G01 X60.73848 Y27.84553
G01 X60.74328 Y27.86956
G01 X60.76604 Y27.94461
G01 X60.77541 Y27.96724
G01 X60.81237 Y28.03638
G01 X60.82598 Y28.05678
G01 X60.87574 Y28.11738
G01 X60.88397 Y28.12648
G01 X63.18480 Y30.42734
G01 X63.18480 Y32.03503
G01 X63.18541 Y32.04730
G01 X63.19501 Y32.14483
G01 X63.19979 Y32.16886
G01 X63.22826 Y32.26266
G01 X63.23482 Y32.27854
G01 X63.23482 Y32.78504
G01 X63.23672 Y32.80673
G01 X63.24236 Y32.82779
G01 X63.25158 Y32.84752
G01 X63.26408 Y32.86538
G01 X63.27947 Y32.88077
G01 X63.29733 Y32.89327
G01 X63.31706 Y32.90249
G01 X63.33812 Y32.90813
G01 X63.35984 Y32.91003
G01 X64.25983 Y32.91003
G01 X64.28422 Y32.90762
G01 X64.30766 Y32.90051
G01 X64.32928 Y32.88895
G01 X64.34823 Y32.87341
G01 X64.36377 Y32.85448
G01 X64.37530 Y32.83287
G01 X64.38241 Y32.80942
G01 X64.38483 Y32.78504
G01 X64.38483 Y32.27930
G01 X64.38724 Y32.27422
G01 X64.39135 Y32.26266
G01 X64.41983 Y32.16886
G01 X64.42460 Y32.14483
G01 X64.43420 Y32.04730
G01 X64.43481 Y32.03503
G01 X64.43481 Y31.06879
G01 X64.43481 Y30.30986
G01 X64.43420 Y30.29762
G01 X64.42460 Y30.20008
G01 X64.41983 Y30.17605
G01 X64.39135 Y30.08225
G01 X64.38198 Y30.05960
G01 X64.33578 Y29.97316
G01 X64.32948 Y29.96264
G01 X64.32216 Y29.95281
G01 X64.25999 Y29.87702
G01 X64.25176 Y29.86793
G01 X64.24266 Y29.85970
G01 X64.16689 Y29.79752
G01 X64.14652 Y29.78393
G01 X64.06009 Y29.73770
G01 X64.04899 Y29.73244
G01 X64.03743 Y29.72833
G01 X63.94363 Y29.69986
G01 X63.94190 Y29.69952
G01 X61.78021 Y27.53778
G01 X61.78021 Y16.01225
G01 X63.15709 Y14.63537
G01 X63.15879 Y14.63504
G01 X63.25260 Y14.60657
G01 X63.26415 Y14.60245
G01 X63.27525 Y14.59719
G01 X63.36169 Y14.55099
G01 X63.38206 Y14.53738
G01 X63.45783 Y14.47520
G01 X63.46692 Y14.46697
G01 X63.59600 Y14.33788
G01 X63.60423 Y14.32879
G01 X63.66641 Y14.25302
G01 X63.67373 Y14.24317
G01 X63.68003 Y14.23265
G01 X63.72623 Y14.14622
G01 X63.73149 Y14.13512
G01 X63.73560 Y14.12356
G01 X63.76408 Y14.02976
G01 X63.76885 Y14.00573
G01 X63.77845 Y13.90819
G01 X63.77906 Y13.89592
G01 X63.77906 Y3.52500
G01 X63.77845 Y3.51276
G01 X63.76885 Y3.41522
G01 X63.76408 Y3.39120
G01 X63.73560 Y3.29739
G01 X63.72623 Y3.27474
G01 X63.68003 Y3.18830
G01 X63.67373 Y3.17778
G01 X63.66641 Y3.16793
G01 X63.60423 Y3.09216
G01 X63.59600 Y3.08307
G01 X63.58691 Y3.07484
G01 X63.51114 Y3.01266
G01 X63.49077 Y2.99905
G01 X63.40434 Y2.95284
G01 X63.39324 Y2.94758
G01 X63.38168 Y2.94347
G01 X63.28788 Y2.91500
G01 X63.26385 Y2.91022
G01 X63.16631 Y2.90062
G01 X63.14180 Y2.90062
G01 X63.04427 Y2.91022
G01 X63.02024 Y2.91500
G01 X62.92643 Y2.94347
G01 X62.91488 Y2.94758
G01 X62.90378 Y2.95284
G01 X62.81734 Y2.99905
G01 X62.79697 Y3.01266
G01 X62.72120 Y3.07484
G01 X62.71211 Y3.08307
G01 X62.70388 Y3.09216
G01 X62.64170 Y3.16793
G01 X62.63439 Y3.17778
G01 X62.62809 Y3.18830
G01 X62.58188 Y3.27474
G01 X62.57251 Y3.29739
G01 X62.54404 Y3.39120
G01 X62.53926 Y3.41522
G01 X62.52966 Y3.51276
G01 X62.52905 Y3.52503
G01 X62.52905 Y13.64789
G01 X62.51262 Y13.66793
G01 X62.50530 Y13.67779
G01 X62.49900 Y13.68830
G01 X62.45280 Y13.77474
G01 X62.44754 Y13.78584
G01 X62.44343 Y13.79740
G01 X62.41496 Y13.89120
G01 X62.41450 Y13.89303
G01 X60.88397 Y15.42356
G01 X60.87574 Y15.43265
G01 X60.82598 Y15.49325
G01 X60.81237 Y15.51363
G01 X60.77541 Y15.58279
G01 X60.76604 Y15.60542
G01 X60.74328 Y15.68048
G01 X60.74028 Y15.69236
G01 X60.73848 Y15.70451
G01 X60.73081 Y15.78253
G01 X60.73020 Y15.79478
G04 P0 ( dwell for no time -- G64 should not smooth over this point )
G00 Z4.00000 ( retract )

G00 X58.62982 Y17.63503 ( rapid move to begin. )
G01 F20.00000
( Mill infeed pass 1/1 )
G01 Z-0.01800
G04 P0 ( dwell for no time -- G64 should not smooth over this point )
G01 F40.00000
G01 X58.62982 Y17.63503
G01 X58.62982 Y18.53503
G01 X58.62982 Y18.90503
G01 X58.62982 Y19.80503
G01 X58.62982 Y20.17503
G01 X58.62982 Y21.07503
G01 X58.62982 Y21.44503
G01 X58.62982 Y22.34503
G01 X58.62982 Y22.71503
G01 X58.62982 Y23.61503
G01 X58.63223 Y23.63942
G01 X58.63935 Y23.66286
G01 X58.65090 Y23.68447
G01 X58.66645 Y23.70342
G01 X58.68537 Y23.71897
G01 X58.70699 Y23.73053
G01 X58.73043 Y23.73764
G01 X58.75482 Y23.74002
G01 X60.25484 Y23.74002
G01 X60.27922 Y23.73764
G01 X60.30267 Y23.73053
G01 X60.32428 Y23.71897
G01 X60.33970 Y23.70629
G01 X60.34320 Y23.70342
G01 X60.35875 Y23.68447
G01 X60.37031 Y23.66286
G01 X60.37742 Y23.63942
G01 X60.37983 Y23.61503
G01 X60.37983 Y22.71503
G01 X60.37742 Y22.69065
G01 X60.37031 Y22.66720
G01 X60.35875 Y22.64559
G01 X60.34320 Y22.62664
G01 X60.32428 Y22.61110
G01 X60.30267 Y22.59954
G01 X60.27922 Y22.59243
G01 X60.25484 Y22.59004
G01 X58.75482 Y22.59004
G01 X58.73043 Y22.59243
G01 X58.70699 Y22.59954
G01 X58.68537 Y22.61110
G01 X58.66645 Y22.62664
G01 X58.65090 Y22.64559
G01 X58.63935 Y22.66720
G01 X58.63223 Y22.69065
G01 X58.62982 Y22.71503
G01 X58.62982 Y22.34503
G01 X58.63223 Y22.36942
G01 X58.63935 Y22.39286
G01 X58.65090 Y22.41447
G01 X58.66645 Y22.43342
G01 X58.66995 Y22.43629
G01 X58.68537 Y22.44897
G01 X58.70699 Y22.46053
G01 X58.73043 Y22.46764
G01 X58.75482 Y22.47002
G01 X60.25484 Y22.47002
G01 X60.27922 Y22.46764
G01 X60.30267 Y22.46053
G01 X60.32428 Y22.44897
G01 X60.33970 Y22.43629
G01 X60.34320 Y22.43342
G01 X60.35875 Y22.41447
G01 X60.37031 Y22.39286
G01 X60.37742 Y22.36942
G01 X60.37983 Y22.34503
G01 X60.37983 Y21.44503
G01 X60.37742 Y21.42065
G01 X60.37031 Y21.39720
G01 X60.35875 Y21.37559
G01 X60.34320 Y21.35664
G01 X60.32428 Y21.34110
G01 X60.30267 Y21.32954
G01 X60.27922 Y21.32243
G01 X60.25484 Y21.32004
G01 X58.75482 Y21.32004
G01 X58.73043 Y21.32243
G01 X58.70699 Y21.32954
G01 X58.68537 Y21.34110
G01 X58.66990 Y21.35380
G01 X58.66645 Y21.35664
G01 X58.65090 Y21.37559
G01 X58.63935 Y21.39720
G01 X58.63223 Y21.42065
G01 X58.62982 Y21.44503
G01 X58.62982 Y21.07503
G01 X58.63223 Y21.09942
G01 X58.63935 Y21.12286
G01 X58.65090 Y21.14447
G01 X58.66645 Y21.16342
G01 X58.68537 Y21.17897
G01 X58.70699 Y21.19053
G01 X58.73043 Y21.19764
G01 X58.75482 Y21.20002
G01 X60.25484 Y21.20002
G01 X60.27922 Y21.19764
G01 X60.30267 Y21.19053
G01 X60.32428 Y21.17897
G01 X60.34320 Y21.16342
G01 X60.35875 Y21.14447
G01 X60.37031 Y21.12286
G01 X60.37742 Y21.09942
G01 X60.37983 Y21.07503
G01 X60.37983 Y20.17503
G01 X60.37742 Y20.15065
G01 X60.37031 Y20.12720
G01 X60.35875 Y20.10559
G01 X60.34320 Y20.08664
G01 X60.32428 Y20.07110
G01 X60.30267 Y20.05954
G01 X60.27922 Y20.05243
G01 X60.25484 Y20.05004
G01 X58.75482 Y20.05004
G01 X58.73043 Y20.05243
G01 X58.70699 Y20.05954
G01 X58.68537 Y20.07110
G01 X58.66645 Y20.08664
G01 X58.65090 Y20.10559
G01 X58.63935 Y20.12720
G01 X58.63223 Y20.15065
G01 X58.62982 Y20.17503
G01 X58.62982 Y19.80503
G01 X58.63223 Y19.82942
G01 X58.63935 Y19.85286
G01 X58.65090 Y19.87447
G01 X58.66645 Y19.89342
G01 X58.68537 Y19.90897
G01 X58.70699 Y19.92053
G01 X58.73043 Y19.92764
G01 X58.75482 Y19.93002
G01 X60.25484 Y19.93002
G01 X60.27922 Y19.92764
G01 X60.30267 Y19.92053
G01 X60.32428 Y19.90897
G01 X60.34320 Y19.89342
G01 X60.35875 Y19.87447
G01 X60.37031 Y19.85286
G01 X60.37742 Y19.82942
G01 X60.37983 Y19.80503
G01 X60.37983 Y18.90503
G01 X60.37742 Y18.88065
G01 X60.37031 Y18.85720
G01 X60.35875 Y18.83559
G01 X60.34320 Y18.81664
G01 X60.32428 Y18.80110
G01 X60.30267 Y18.78954
G01 X60.27922 Y18.78243
G01 X60.25484 Y18.78004
G01 X58.75482 Y18.78004
G01 X58.73043 Y18.78243
G01 X58.70699 Y18.78954
G01 X58.68537 Y18.80110
G01 X58.66645 Y18.81664
G01 X58.65090 Y18.83559
G01 X58.63935 Y18.85720
G01 X58.63223 Y18.88065
G01 X58.62982 Y18.90503
G01 X58.62982 Y18.53503
G01 X58.63223 Y18.55942
G01 X58.63935 Y18.58286
G01 X58.65090 Y18.60447
G01 X58.66645 Y18.62342
G01 X58.68537 Y18.63897
G01 X58.70699 Y18.65053
G01 X58.73043 Y18.65764
G01 X58.75482 Y18.66002
G01 X60.25484 Y18.66002
G01 X60.27922 Y18.65764
G01 X60.30267 Y18.65053
G01 X60.32428 Y18.63897
G01 X60.34320 Y18.62342
G01 X60.35875 Y18.60447
G01 X60.37031 Y18.58286
G01 X60.37742 Y18.55942
G01 X60.37983 Y18.53503
G01 X60.37983 Y17.63503
G01 X60.37742 Y17.61067
G01 X60.37031 Y17.58723
G01 X60.35875 Y17.56559
G01 X60.34320 Y17.54664
G01 X60.32428 Y17.53110
G01 X60.30267 Y17.51956
G01 X60.27922 Y17.51243
G01 X60.25484 Y17.51004
G01 X58.75482 Y17.51004
G01 X58.73043 Y17.51243
G01 X58.70699 Y17.51956
G01 X58.68537 Y17.53110
G01 X58.66645 Y17.54664
G01 X58.65090 Y17.56559
G01 X58.63935 Y17.58723
G01 X58.63223 Y17.61067
G01 X58.62982 Y17.63503
G01 X58.62982 Y17.26503
G01 X58.63223 Y17.28942
G01 X58.63935 Y17.31286
G01 X58.65090 Y17.33447
G01 X58.66645 Y17.35345
G01 X58.68537 Y17.36897
G01 X58.70699 Y17.38053
G01 X58.73043 Y17.38766
G01 X58.75482 Y17.39005
G01 X60.25484 Y17.39005
G01 X60.27922 Y17.38766
G01 X60.30267 Y17.38053
G01 X60.32428 Y17.36897
G01 X60.34320 Y17.35345
G01 X60.35875 Y17.33447
G01 X60.37031 Y17.31286
G01 X60.37742 Y17.28942
G01 X60.37983 Y17.26503
G01 X60.37983 Y16.36503
G01 X60.37742 Y16.34065
G01 X60.37031 Y16.31720
G01 X60.35875 Y16.29559
G01 X60.34320 Y16.27664
G01 X60.32428 Y16.26110
G01 X60.30267 Y16.24954
G01 X60.27922 Y16.24243
G01 X60.25484 Y16.24004
G01 X58.75482 Y16.24004
G01 X58.73043 Y16.24243
G01 X58.70699 Y16.24954
G01 X58.68537 Y16.26110
G01 X58.66645 Y16.27664
G01 X58.65090 Y16.29559
G01 X58.63935 Y16.31720
G01 X58.63223 Y16.34065
G01 X58.62982 Y16.36503
G01 X58.62982 Y17.26503
G04 P0 ( dwell for no time -- G64 should not smooth over this point )
G00 Z4.00000 ( retract )

G00 X68.11273 Y3.63778 ( rapid move to begin. )
G01 F20.00000
( Mill infeed pass 1/1 )
G01 Z-0.01800
G04 P0 ( dwell for no time -- G64 should not smooth over this point )
G01 F40.00000
G01 X68.11273 Y3.63778
G01 X68.11273 Y14.26201
G01 X68.11334 Y14.27428
G01 X68.12101 Y14.35231
G01 X68.12282 Y14.36445
G01 X68.12581 Y14.37634
G01 X68.14857 Y14.45140
G01 X68.15795 Y14.47403
G01 X68.19490 Y14.54319
G01 X68.20852 Y14.56356
G01 X68.25828 Y14.62417
G01 X68.27560 Y14.64149
G01 X68.33620 Y14.69125
G01 X68.34606 Y14.69854
G01 X68.35657 Y14.70486
G01 X68.42574 Y14.74182
G01 X68.43684 Y14.74705
G01 X68.44837 Y14.75119
G01 X68.52343 Y14.77395
G01 X68.54745 Y14.77875
G01 X68.62548 Y14.78642
G01 X68.63773 Y14.78703
G01 X70.16099 Y14.78703
G01 X70.18471 Y14.79176
G01 X70.26274 Y14.79943
G01 X70.27499 Y14.80004
G01 X76.15547 Y14.80004
G01 X76.16644 Y14.81342
G01 X76.18539 Y14.82897
G01 X76.20698 Y14.84052
G01 X76.23045 Y14.84764
G01 X76.25483 Y14.85002
G01 X77.75483 Y14.85002
G01 X77.77921 Y14.84764
G01 X77.80266 Y14.84052
G01 X77.82427 Y14.82897
G01 X77.84322 Y14.81342
G01 X77.85876 Y14.79447
G01 X77.86646 Y14.78005
G01 X100.75750 Y14.78005
G01 X101.09496 Y15.11751
G01 X101.09496 Y29.52830
G01 X101.06913 Y29.53978
G01 X101.05750 Y29.54573
G01 X101.04653 Y29.55287
G01 X100.87739 Y29.67575
G01 X100.86723 Y29.68398
G01 X100.85796 Y29.69323
G01 X100.71808 Y29.84860
G01 X100.70985 Y29.85876
G01 X100.70271 Y29.86973
G01 X100.59819 Y30.05078
G01 X100.59225 Y30.06244
G01 X100.58755 Y30.07466
G01 X100.52296 Y30.27349
G01 X100.51958 Y30.28614
G01 X100.51752 Y30.29907
G01 X100.49568 Y30.50694
G01 X100.49499 Y30.52002
G01 X100.49568 Y30.53308
G01 X100.51752 Y30.74100
G01 X100.51958 Y30.75390
G01 X100.52296 Y30.76655
G01 X100.58755 Y30.96538
G01 X100.59225 Y30.97760
G01 X100.59819 Y30.98926
G01 X100.70271 Y31.17029
G01 X100.70985 Y31.18126
G01 X100.71808 Y31.19144
G01 X100.85796 Y31.34679
G01 X100.86723 Y31.35606
G01 X100.87739 Y31.36429
G01 X101.04653 Y31.48718
G01 X101.05750 Y31.49429
G01 X101.06916 Y31.50023
G01 X101.26014 Y31.58527
G01 X101.27233 Y31.58995
G01 X101.28498 Y31.59335
G01 X101.48948 Y31.63681
G01 X101.50238 Y31.63884
G01 X101.51546 Y31.63953
G01 X101.72450 Y31.63953
G01 X101.73758 Y31.63884
G01 X101.75051 Y31.63681
G01 X101.95498 Y31.59335
G01 X101.96763 Y31.58995
G01 X101.97985 Y31.58527
G01 X102.17083 Y31.50023
G01 X102.18249 Y31.49429
G01 X102.19346 Y31.48718
G01 X102.36260 Y31.36429
G01 X102.37276 Y31.35606
G01 X102.38201 Y31.34679
G01 X102.52189 Y31.19144
G01 X102.53014 Y31.18126
G01 X102.53725 Y31.17029
G01 X102.62879 Y31.01174
G01 X102.64177 Y30.98926
G01 X102.64772 Y30.97760
G01 X102.65242 Y30.96538
G01 X102.71701 Y30.76655
G01 X102.72041 Y30.75390
G01 X102.72244 Y30.74100
G01 X102.74431 Y30.53308
G01 X102.74500 Y30.52002
G01 X102.74431 Y30.50694
G01 X102.72244 Y30.29907
G01 X102.72041 Y30.28614
G01 X102.71701 Y30.27349
G01 X102.65242 Y30.07466
G01 X102.64772 Y30.06244
G01 X102.64177 Y30.05078
G01 X102.62879 Y30.02830
G01 X102.53725 Y29.86973
G01 X102.53014 Y29.85876
G01 X102.52189 Y29.84860
G01 X102.38201 Y29.69323
G01 X102.37276 Y29.68398
G01 X102.36260 Y29.67575
G01 X102.19346 Y29.55287
G01 X102.18249 Y29.54573
G01 X102.17083 Y29.53978
G01 X102.14497 Y29.52828
G01 X102.14497 Y14.90006
G01 X102.14437 Y14.88779
G01 X102.13868 Y14.83006
G01 X114.80751 Y14.83006
G01 X116.49996 Y16.52254
G01 X116.49996 Y17.04504
G01 X116.26298 Y17.04504
G01 X116.25239 Y17.04611
G01 X116.24307 Y17.04611
G01 X116.23001 Y17.04679
G01 X116.21708 Y17.04880
G01 X116.17812 Y17.05708
G01 X116.16550 Y17.06046
G01 X116.15328 Y17.06516
G01 X116.11691 Y17.08136
G01 X116.10525 Y17.08731
G01 X116.09427 Y17.09444
G01 X116.06204 Y17.11784
G01 X116.05188 Y17.12607
G01 X116.04264 Y17.13531
G01 X116.01597 Y17.16490
G01 X116.00774 Y17.17509
G01 X116.00062 Y17.18606
G01 X115.98071 Y17.22058
G01 X115.97477 Y17.23224
G01 X115.97007 Y17.24443
G01 X115.95777 Y17.28230
G01 X115.95437 Y17.29493
G01 X115.95234 Y17.30786
G01 X115.94817 Y17.34748
G01 X115.94749 Y17.36054
G01 X115.94749 Y18.24954
G01 X115.94817 Y18.26259
G01 X115.95234 Y18.30221
G01 X115.95437 Y18.31512
G01 X115.95777 Y18.32777
G01 X115.97007 Y18.36564
G01 X115.97477 Y18.37786
G01 X115.98071 Y18.38951
G01 X116.00062 Y18.42401
G01 X116.00774 Y18.43498
G01 X116.01597 Y18.44514
G01 X116.04264 Y18.47473
G01 X116.05188 Y18.48400
G01 X116.06204 Y18.49223
G01 X116.09427 Y18.51563
G01 X116.10525 Y18.52276
G01 X116.11691 Y18.52871
G01 X116.15328 Y18.54491
G01 X116.16550 Y18.54959
G01 X116.17812 Y18.55296
G01 X116.21708 Y18.56124
G01 X116.23001 Y18.56330
G01 X116.24307 Y18.56399
G01 X116.25239 Y18.56399
G01 X116.26298 Y18.56503
G01 X117.78698 Y18.56503
G01 X117.79757 Y18.56399
G01 X117.80689 Y18.56399
G01 X117.81998 Y18.56330
G01 X117.83288 Y18.56124
G01 X117.87184 Y18.55296
G01 X117.88449 Y18.54959
G01 X117.89671 Y18.54491
G01 X117.93308 Y18.52871
G01 X117.94474 Y18.52276
G01 X117.95571 Y18.51563
G01 X117.98792 Y18.49223
G01 X117.99811 Y18.48400
G01 X118.00735 Y18.47473
G01 X118.03400 Y18.44514
G01 X118.04223 Y18.43498
G01 X118.04936 Y18.42401
G01 X118.06928 Y18.38951
G01 X118.07522 Y18.37786
G01 X118.07989 Y18.36564
G01 X118.09221 Y18.32777
G01 X118.09559 Y18.31512
G01 X118.09765 Y18.30221
G01 X118.10181 Y18.26259
G01 X118.10250 Y18.24954
G01 X118.10250 Y17.36054
G01 X118.10181 Y17.34748
G01 X118.09765 Y17.30786
G01 X118.09559 Y17.29493
G01 X118.09221 Y17.28230
G01 X118.07989 Y17.24443
G01 X118.07522 Y17.23224
G01 X118.06928 Y17.22058
G01 X118.04936 Y17.18606
G01 X118.04223 Y17.17509
G01 X118.03400 Y17.16490
G01 X118.00735 Y17.13531
G01 X117.99811 Y17.12607
G01 X117.98792 Y17.11784
G01 X117.95571 Y17.09444
G01 X117.94474 Y17.08731
G01 X117.93308 Y17.08136
G01 X117.89671 Y17.06516
G01 X117.88449 Y17.06046
G01 X117.87184 Y17.05708
G01 X117.83288 Y17.04880
G01 X117.81998 Y17.04679
G01 X117.80689 Y17.04611
G01 X117.79892 Y17.04611
G01 X117.78698 Y17.04504
G01 X117.54997 Y17.04504
G01 X117.54997 Y16.30504
G01 X117.54936 Y16.29280
G01 X117.54169 Y16.21477
G01 X117.53989 Y16.20263
G01 X117.53689 Y16.19074
G01 X117.51413 Y16.11568
G01 X117.50476 Y16.09305
G01 X117.46780 Y16.02389
G01 X117.46148 Y16.01337
G01 X117.45419 Y16.00351
G01 X117.40443 Y15.94291
G01 X117.39620 Y15.93382
G01 X115.39621 Y13.93382
G01 X115.38899 Y13.92717
G01 X115.34127 Y13.88640
G01 X115.32539 Y13.87487
G01 X115.27187 Y13.84208
G01 X115.25440 Y13.83316
G01 X115.19641 Y13.80916
G01 X115.17777 Y13.80309
G01 X115.11673 Y13.78843
G01 X115.09735 Y13.78536
G01 X115.03479 Y13.78043
G01 X115.02498 Y13.78005
G01 X101.02499 Y13.78005
G01 X101.01272 Y13.78066
G01 X100.93469 Y13.78833
G01 X100.91066 Y13.79313
G01 X100.83560 Y13.81589
G01 X100.82407 Y13.82003
G01 X100.81297 Y13.82526
G01 X100.80401 Y13.83006
G01 X77.87982 Y13.83006
G01 X77.87982 Y13.82503
G01 X77.87743 Y13.80065
G01 X77.87032 Y13.77720
G01 X77.85876 Y13.75559
G01 X77.84322 Y13.73664
G01 X77.82427 Y13.72110
G01 X77.80266 Y13.70954
G01 X77.77921 Y13.70243
G01 X77.75483 Y13.70004
G01 X76.25483 Y13.70004
G01 X76.23045 Y13.70243
G01 X76.20698 Y13.70954
G01 X76.18539 Y13.72110
G01 X76.16644 Y13.73664
G01 X76.15544 Y13.75003
G01 X70.37600 Y13.75003
G01 X70.35228 Y13.74530
G01 X70.27425 Y13.73763
G01 X70.26201 Y13.73702
G01 X69.16274 Y13.73702
G01 X69.16274 Y3.63778
G01 X69.16213 Y3.62554
G01 X69.15446 Y3.54751
G01 X69.15266 Y3.53537
G01 X69.14966 Y3.52348
G01 X69.12691 Y3.44842
G01 X69.11753 Y3.42579
G01 X69.08058 Y3.35663
G01 X69.06696 Y3.33626
G01 X69.01720 Y3.27565
G01 X68.99988 Y3.25833
G01 X68.93928 Y3.20857
G01 X68.92942 Y3.20128
G01 X68.91890 Y3.19496
G01 X68.84974 Y3.15800
G01 X68.83864 Y3.15277
G01 X68.82711 Y3.14863
G01 X68.75205 Y3.12587
G01 X68.72802 Y3.12107
G01 X68.64999 Y3.11340
G01 X68.62548 Y3.11340
G01 X68.54745 Y3.12107
G01 X68.52343 Y3.12587
G01 X68.44837 Y3.14863
G01 X68.43684 Y3.15277
G01 X68.42574 Y3.15800
G01 X68.35657 Y3.19496
G01 X68.34606 Y3.20128
G01 X68.33620 Y3.20857
G01 X68.27560 Y3.25833
G01 X68.25828 Y3.27565
G01 X68.20852 Y3.33626
G01 X68.19490 Y3.35663
G01 X68.15795 Y3.42579
G01 X68.14857 Y3.44842
G01 X68.12581 Y3.52348
G01 X68.12282 Y3.53537
G01 X68.12101 Y3.54751
G01 X68.11334 Y3.62554
G01 X68.11273 Y3.63778
G04 P0 ( dwell for no time -- G64 should not smooth over this point )
G00 Z4.00000 ( retract )

G00 X66.79653 Y3.52500 ( rapid move to begin. )
G01 F20.00000
( Mill infeed pass 1/1 )
G01 Z-0.01800
G04 P0 ( dwell for no time -- G64 should not smooth over this point )
G01 F40.00000
G01 X66.79653 Y3.52500
G01 X66.79653 Y17.82157
G01 X66.79691 Y17.83140
G01 X66.80184 Y17.89396
G01 X66.80491 Y17.91334
G01 X66.81957 Y17.97438
G01 X66.82564 Y17.99302
G01 X66.84964 Y18.05101
G01 X66.85856 Y18.06848
G01 X66.89135 Y18.12200
G01 X66.90288 Y18.13788
G01 X66.94365 Y18.18560
G01 X66.95030 Y18.19282
G01 X68.90303 Y20.14552
G01 X73.99997 Y25.24249
G01 X73.99997 Y29.02500
G01 X74.00035 Y29.03483
G01 X74.00411 Y29.08241
G01 X74.00528 Y29.09739
G01 X74.00835 Y29.11677
G01 X74.02301 Y29.17781
G01 X74.02908 Y29.19645
G01 X74.05308 Y29.25444
G01 X74.06200 Y29.27192
G01 X74.09479 Y29.32543
G01 X74.10632 Y29.34131
G01 X74.14709 Y29.38904
G01 X74.15374 Y29.39625
G01 X74.64376 Y29.88627
G01 X74.65285 Y29.89450
G01 X74.71346 Y29.94428
G01 X74.73383 Y29.95789
G01 X74.80299 Y29.99483
G01 X74.81409 Y30.00006
G01 X74.82562 Y30.00420
G01 X74.87840 Y30.02020
G01 X74.90068 Y30.02696
G01 X74.92471 Y30.03176
G01 X75.00274 Y30.03943
G01 X75.01498 Y30.04004
G01 X76.15544 Y30.04004
G01 X76.16644 Y30.05342
G01 X76.16994 Y30.05629
G01 X76.18539 Y30.06897
G01 X76.20698 Y30.08053
G01 X76.23045 Y30.08764
G01 X76.25483 Y30.09002
G01 X77.75483 Y30.09002
G01 X77.77921 Y30.08764
G01 X77.80266 Y30.08053
G01 X77.82427 Y30.06897
G01 X77.83971 Y30.05629
G01 X77.84322 Y30.05342
G01 X77.85876 Y30.03450
G01 X77.87032 Y30.01286
G01 X77.87743 Y29.98942
G01 X77.87982 Y29.96506
G01 X77.87982 Y29.06503
G01 X77.87743 Y29.04065
G01 X77.87032 Y29.01720
G01 X77.85876 Y28.99559
G01 X77.84322 Y28.97664
G01 X77.83974 Y28.97380
G01 X77.82427 Y28.96110
G01 X77.80266 Y28.94954
G01 X77.77921 Y28.94243
G01 X77.75483 Y28.94004
G01 X76.25483 Y28.94004
G01 X76.23045 Y28.94243
G01 X76.20698 Y28.94954
G01 X76.18539 Y28.96110
G01 X76.16989 Y28.97380
G01 X76.16644 Y28.97664
G01 X76.15544 Y28.99003
G01 X75.23246 Y28.99003
G01 X75.04998 Y28.80755
G01 X75.04998 Y25.02501
G01 X75.04960 Y25.01521
G01 X75.04467 Y24.95265
G01 X75.04160 Y24.93327
G01 X75.02694 Y24.87223
G01 X75.02087 Y24.85359
G01 X74.99687 Y24.79560
G01 X74.98796 Y24.77812
G01 X74.95516 Y24.72460
G01 X74.94363 Y24.70873
G01 X74.90287 Y24.66100
G01 X74.89621 Y24.65379
G01 X67.84654 Y17.60412
G01 X67.84654 Y3.52500
G01 X67.84593 Y3.51276
G01 X67.83826 Y3.43473
G01 X67.83646 Y3.42259
G01 X67.83346 Y3.41070
G01 X67.81070 Y3.33565
G01 X67.80133 Y3.31301
G01 X67.76437 Y3.24385
G01 X67.75076 Y3.22348
G01 X67.70100 Y3.16288
G01 X67.68368 Y3.14555
G01 X67.62307 Y3.09579
G01 X67.61322 Y3.08850
G01 X67.60270 Y3.08218
G01 X67.53354 Y3.04522
G01 X67.52244 Y3.03999
G01 X67.51091 Y3.03585
G01 X67.43585 Y3.01309
G01 X67.41182 Y3.00829
G01 X67.33379 Y3.00062
G01 X67.30928 Y3.00062
G01 X67.23125 Y3.00829
G01 X67.20722 Y3.01309
G01 X67.13217 Y3.03585
G01 X67.12064 Y3.03999
G01 X67.10954 Y3.04522
G01 X67.04037 Y3.08218
G01 X67.02986 Y3.08850
G01 X67.02000 Y3.09579
G01 X66.95940 Y3.14555
G01 X66.94207 Y3.16288
G01 X66.89231 Y3.22348
G01 X66.87870 Y3.24385
G01 X66.84174 Y3.31301
G01 X66.83237 Y3.33565
G01 X66.80961 Y3.41070
G01 X66.80662 Y3.42259
G01 X66.80481 Y3.43473
G01 X66.79714 Y3.51276
G01 X66.79653 Y3.52500

G04 P0 ( dwell for no time -- G64 should not smooth over this point )
G00 Z6.000000 ( retract )

M5 ( Spindle off. )
G04 P1.000000
M9 ( Coolant off. )
M2 ( Program end. )

